question_id,round,arm,position,status,valid,duration_ms,law_ids,search_workflows,search_node_elapsed_ms,dependency_ready_ms,ready_wait_ms,run_ms,join_wait_ms,overlap_before_join_ms,read_status
l1-001-jp,1,barrier,1,ok,1,18576.1,5,1,1063.378,7.857,958.066,96.28,96.323,0.0,ok
l1-002-jp,1,barrier,1,ok,1,12654.516,2,1,1009.237,8.113,896.247,103.44,104.552,0.0,ok
l1-003-jp,1,barrier,1,ok,1,30032.194,1,1,1122.09,6.269,1000.074,114.308,114.666,0.0,ok
l1-005-jp,1,barrier,1,ok,1,23365.68,4,1,684.066,6.812,671.756,4.77,4.812,0.0,ok
l1-010-us,1,barrier,1,ok,1,31527.6,2,1,821.351,6.259,720.159,93.159,93.203,0.0,ok
l1-012-cn,1,barrier,1,ok,1,17335.496,2,1,1009.052,7.087,906.162,94.632,94.674,0.0,ok
l1-013-cn,1,barrier,1,ok,1,28855.817,1,1,933.633,9.018,826.638,96.783,96.998,0.0,ok
l1-018-de,1,barrier,1,ok,1,28288.425,5,1,1977.468,6.873,1872.635,94.833,95.522,0.0,ok
l1-019-de,1,barrier,1,ok,1,21594.741,1,1,966.343,8.362,844.938,110.557,110.605,0.0,ok
l1-023-fr,1,barrier,1,ok,1,51704.186,1,1,887.391,5.867,759.909,116.545,116.598,0.0,ok
l1-024-fr,1,barrier,1,ok,1,31176.769,3,1,2010.566,7.598,1869.12,121.192,129.028,0.0,ok
l1-025-fr,1,barrier,1,ok,1,40209.504,4,1,912.924,6.014,814.104,88.352,88.425,0.0,ok
l1-027-uk,1,barrier,1,ok,1,17129.849,2,1,851.717,9.231,746.322,95.041,95.108,0.0,ok
l1-031-ca,1,barrier,1,ok,1,22647.233,4,1,812.107,6.287,713.624,90.837,90.877,0.0,ok
l1-032-ca,1,barrier,1,ok,1,43783.91,1,1,966.779,6.858,846.776,112.468,112.506,0.0,ok
l1-033-ca,1,barrier,1,ok,1,16833.431,3,1,820.988,7.668,717.725,94.509,94.554,0.0,ok
l1-035-ca,1,barrier,1,ok,1,17824.051,1,1,1070.589,7.64,966.274,95.369,95.444,0.0,ok
l1-036-au,1,barrier,1,ok,1,17648.705,5,1,832.292,6.93,728.848,93.788,93.83,0.0,ok
l1-037-au,1,barrier,1,ok,1,29680.812,2,1,786.85,6.516,689.266,89.988,90.032,0.0,ok
l1-038-au,1,barrier,1,ok,1,25241.889,5,1,882.856,6.421,806.342,66.781,67.087,0.0,ok
l1-039-au,1,barrier,1,ok,1,15311.83,1,1,919.392,6.708,814.904,96.339,96.377,0.0,ok
l1-040-au,1,barrier,1,ok,1,21732.076,3,1,993.474,8.0,893.851,89.154,89.214,0.0,ok
l1-041-sg,1,barrier,1,ok,1,25040.507,1,1,994.001,6.595,890.561,90.78,90.831,0.0,ok
l1-042-sg,1,barrier,1,ok,1,30052.176,2,1,1701.761,8.037,1595.609,90.412,91.04,0.0,ok
l1-044-sg,1,barrier,1,ok,1,26212.603,3,1,1287.696,6.34,1187.187,89.155,89.455,0.0,ok
l1-046-vn,1,barrier,1,ok,1,21512.244,1,1,888.601,5.767,878.044,4.225,4.262,0.0,ok
l1-049-vn,1,barrier,1,ok,1,24027.536,2,1,845.982,6.441,826.528,11.222,15.598,0.0,ok
l1-050-vn,1,barrier,1,ok,1,35367.136,4,1,919.92,6.114,906.755,5.287,5.339,0.0,ok
l1-051-th,1,barrier,1,ok,1,19329.794,1,1,786.164,5.819,688.285,90.963,91.006,0.0,ok
l1-052-th,1,barrier,1,ok,1,54680.061,1,1,1036.723,7.817,931.909,95.112,95.228,0.0,ok
l1-053-th,1,barrier,1,ok,1,54727.058,1,1,809.947,6.623,710.592,90.836,91.141,0.0,ok
l1-054-th,1,barrier,1,ok,1,17254.994,2,1,934.044,6.738,918.888,6.99,7.238,0.0,ok
l1-055-th,1,barrier,1,ok,1,18548.155,2,1,881.496,5.977,781.986,92.269,92.488,0.0,ok
l1-059-id,1,barrier,1,ok,1,24450.018,1,1,1208.472,6.834,1105.162,94.951,95.0,0.0,ok
l1-060-id,1,barrier,1,ok,1,15537.08,3,1,1661.101,7.727,1542.371,110.002,110.319,0.0,ok
l1-062-my,1,barrier,1,ok,1,13709.417,1,1,1038.299,6.286,937.461,93.13,93.574,0.0,ok
l1-065-my,1,barrier,1,ok,1,28061.447,3,1,1074.007,8.487,974.441,89.9,89.943,0.0,ok
l1-068-ph,1,barrier,1,ok,1,43740.428,1,1,960.964,6.95,832.357,120.011,120.056,0.0,ok
l1-070-ph,1,barrier,1,ok,1,17728.068,3,1,859.155,6.074,734.897,115.835,115.876,0.0,ok
l1-075-in,1,barrier,1,ok,1,23145.004,1,1,1260.429,8.057,1157.603,93.191,93.478,0.0,ok
l1-078-br,1,barrier,1,ok,1,14490.911,1,1,1124.55,6.101,1003.233,114.347,114.391,0.0,ok
l1-081-es,1,barrier,1,ok,1,17753.714,3,1,1009.535,5.765,787.439,214.157,214.197,0.0,ok
l1-082-es,1,barrier,1,ok,1,33563.86,5,1,1127.477,7.609,853.804,259.793,260.738,0.0,ok
l1-085-es,1,barrier,1,ok,1,13662.214,1,1,972.524,10.092,819.047,139.38,139.571,0.0,ok
l1-091-nl,1,barrier,1,ok,1,5659.005,0,0,,,,,,,
l1-092-nl,1,barrier,1,ok,1,9839.472,0,0,,,,,,,
l1-094-nl,1,barrier,1,ok,1,4928.347,0,0,,,,,,,
l1-095-nl,1,barrier,1,ok,1,10511.974,0,0,,,,,,,
l1-097-nz,1,barrier,1,ok,1,18373.608,3,1,1079.845,5.824,855.417,215.41,215.452,0.0,ok
l1-098-nz,1,barrier,1,ok,1,16960.161,1,1,1368.153,5.89,1246.5,114.323,114.366,0.0,ok
l2-001-jp-data-rights,1,barrier,1,ok,1,21288.948,1,1,1386.64,8.019,1010.605,366.726,366.941,0.0,ok
l2-002-jp-breach,1,barrier,1,ok,1,23707.125,3,1,1391.378,7.779,1165.865,215.454,216.601,0.0,ok
l2-003-jp-transfer,1,barrier,1,ok,1,18397.079,2,1,1385.871,7.96,1037.633,338.472,338.511,0.0,ok
l2-010-us-worker,1,barrier,1,ok,1,32162.414,2,1,1162.948,6.92,980.914,173.198,173.238,0.0,ok
l2-013-cn-transfer,1,barrier,1,ok,1,12635.595,1,1,1389.842,13.689,908.646,193.06,193.101,0.0,ok
l2-017-de-breach,1,barrier,1,ok,1,11856.455,2,1,1189.789,8.946,962.4,215.628,215.844,0.0,ok
l2-022-fr-breach,1,barrier,1,ok,1,16070.617,2,1,1447.523,7.642,1227.127,208.343,208.388,0.0,ok
l2-024-fr-consumer,1,barrier,1,ok,1,15642.205,3,1,1206.721,6.331,1006.69,188.716,188.759,0.0,ok
l2-026-uk-data-rights,1,barrier,1,ok,1,19914.282,3,1,1357.039,8.118,991.299,356.764,356.81,0.0,ok
l2-029-uk-consumer,1,barrier,1,ok,1,16253.632,2,1,1182.578,7.915,978.601,194.035,194.444,0.0,ok
l2-034-ca-consumer,1,barrier,1,ok,1,13708.372,1,1,1213.822,6.415,1017.754,188.762,188.804,0.0,ok
l2-035-ca-worker,1,barrier,1,ok,1,12655.88,2,1,1157.821,7.484,981.827,166.919,166.962,0.0,ok
l2-036-au-data-rights,1,barrier,1,ok,1,22458.194,2,1,1226.03,8.137,995.305,220.954,221.122,0.0,ok
l2-038-au-transfer,1,barrier,1,ok,1,14871.398,2,1,1297.871,6.65,959.989,329.049,329.094,0.0,ok
l2-039-au-consumer,1,barrier,1,ok,1,11455.103,3,1,1177.949,9.378,978.379,188.837,189.121,0.0,ok
l2-040-au-worker,1,barrier,1,ok,1,11975.488,2,1,1067.314,7.911,891.254,167.159,167.408,0.0,ok
l2-045-sg-worker,1,barrier,1,ok,1,10944.506,1,1,1243.635,8.175,1067.961,166.003,166.046,0.0,ok
l2-046-vn-data-rights,1,barrier,1,ok,1,17542.023,2,1,1379.969,10.6,1133.568,234.149,234.204,0.0,ok
l2-047-vn-breach,1,barrier,1,ok,1,15270.178,5,1,1086.857,6.633,868.216,210.389,210.439,0.0,ok
l2-051-th-data-rights,1,barrier,1,ok,1,23733.085,1,1,1151.356,6.148,926.927,216.945,216.986,0.0,ok
l2-052-th-breach,1,barrier,1,ok,1,12776.47,2,1,1193.827,8.322,962.5,221.799,221.896,0.0,ok
l2-053-th-transfer,1,barrier,1,ok,1,14724.715,1,1,1320.551,7.958,963.967,338.664,338.917,0.0,ok
l2-054-th-consumer,1,barrier,1,ok,1,14578.454,2,1,1168.464,6.944,968.305,192.231,192.543,0.0,ok
l2-055-th-worker,1,barrier,1,ok,1,16608.274,4,1,1137.796,6.195,950.802,179.483,179.6,0.0,ok
l2-056-id-data-rights,1,barrier,1,ok,1,15773.185,1,1,1462.737,6.324,1234.241,220.88,220.923,0.0,ok
l2-057-id-breach,1,barrier,1,ok,1,12136.088,2,1,1407.386,8.38,1182.993,214.874,214.923,0.0,ok
l2-060-id-worker,1,barrier,1,ok,1,26170.903,1,1,1446.77,6.577,1269.411,169.232,169.272,0.0,ok
l2-061-my-data-rights,1,barrier,1,ok,1,20163.355,1,1,1461.125,5.997,1093.935,359.695,359.74,0.0,ok
l2-064-my-consumer,1,barrier,1,ok,1,44681.792,4,1,1289.193,5.916,1098.122,184.225,184.267,0.0,ok
l2-066-ph-data-rights,1,barrier,1,ok,1,10715.068,1,1,1054.245,6.356,827.838,218.74,218.79,0.0,ok
l2-067-ph-breach,1,barrier,1,ok,1,11437.955,2,1,1185.541,5.714,968.714,208.919,208.961,0.0,ok
l2-068-ph-transfer,1,barrier,1,ok,1,9266.614,1,1,1174.926,8.305,944.959,219.69,219.895,0.0,ok
l2-070-ph-worker,1,barrier,1,ok,1,15276.061,1,1,1113.328,8.362,909.266,193.873,193.909,0.0,ok
l2-071-in-data-rights,1,barrier,1,ok,1,12332.515,1,1,1201.837,6.806,954.361,238.453,238.51,0.0,ok
l2-072-in-breach,1,barrier,1,ok,1,19310.388,2,1,1108.765,5.97,891.366,209.105,209.453,0.0,ok
l2-073-in-transfer,1,barrier,1,ok,1,10719.38,2,1,1487.667,8.595,1142.742,334.432,334.749,0.0,ok
l2-081-es-data-rights,1,barrier,1,ok,1,19137.111,2,1,1178.749,5.965,862.249,308.859,308.908,0.0,ok
l2-082-es-breach,1,barrier,1,ok,1,12508.631,3,1,1135.98,3.316,919.641,211.301,211.507,0.0,ok
l2-083-es-transfer,1,barrier,1,ok,1,18883.042,2,1,1225.619,16.247,990.483,216.378,216.424,0.0,ok
l2-084-es-consumer,1,barrier,1,ok,1,14949.133,4,1,1154.874,7.028,931.82,213.683,214.131,0.0,ok
l2-085-es-worker,1,barrier,1,ok,1,12377.04,2,1,1180.801,5.62,985.13,187.711,187.753,0.0,ok
l2-086-it-data-rights,1,barrier,1,ok,1,1587.689,0,0,,,,,,,
l2-087-it-breach,1,barrier,1,ok,1,2833.032,0,0,,,,,,,
l2-088-it-transfer,1,barrier,1,ok,1,3206.209,0,0,,,,,,,
l2-089-it-consumer,1,barrier,1,ok,1,1587.969,0,0,,,,,,,
l2-090-it-worker,1,barrier,1,ok,1,2341.36,0,0,,,,,,,
l2-091-nl-data-rights,1,barrier,1,ok,1,1979.558,0,0,,,,,,,
l2-092-nl-breach,1,barrier,1,ok,1,2296.141,0,0,,,,,,,
l2-096-nz-data-rights,1,barrier,1,ok,1,12301.02,3,1,1861.083,6.024,1543.724,309.793,309.838,0.0,ok
l2-100-nz-worker,1,barrier,1,ok,1,10535.153,3,1,1246.945,6.857,1048.991,189.966,190.007,0.0,ok
l3-001-jp-transfer,1,barrier,1,ok,1,74030.029,2,2,1899.716,7.076,1677.511,213.411,213.461,0.0,ok
l3-002-jp-breach,1,barrier,1,ok,1,31685.009,2,2,1296.815,11.054,1065.059,218.87,218.961,0.0,ok
l3-005-jp-worker-ai,1,barrier,1,ok,1,41527.209,3,2,1201.509,5.742,1001.601,193.327,193.369,0.0,ok
l3-007-us-breach,1,barrier,1,ok,1,57310.897,2,2,1278.314,6.003,1046.219,221.728,222.287,0.0,ok
l3-008-us-consumer,1,barrier,1,ok,1,23279.333,3,2,1404.926,6.232,1086.835,293.625,294.01,0.0,ok
l3-010-us-worker-ai,1,barrier,1,ok,1,41130.484,2,2,1230.442,13.27,1007.143,208.889,208.943,0.0,ok
l3-011-cn-transfer,1,barrier,1,ok,1,48745.726,3,2,1302.455,6.293,1076.609,218.042,218.087,0.0,ok
l3-013-cn-consumer,1,barrier,1,ok,1,33391.051,2,2,1280.542,8.766,935.191,335.473,335.618,0.0,ok
l3-014-cn-platform,1,barrier,1,ok,1,57089.878,3,2,1056.794,11.75,837.576,203.091,203.218,0.0,ok
l3-015-cn-worker-ai,1,barrier,1,ok,1,32683.411,2,2,1206.539,6.884,1006.201,192.254,192.297,0.0,ok
l3-016-de-transfer,1,barrier,1,ok,1,43346.545,2,2,1195.716,6.214,948.689,236.879,236.94,0.0,ok
l3-018-de-consumer,1,barrier,1,ok,1,21400.216,6,2,1457.643,11.245,1137.787,305.766,305.811,0.0,ok
l3-019-de-platform,1,barrier,1,ok,1,37355.124,7,2,1216.894,18.541,999.97,196.572,196.923,0.0,ok
l3-020-de-worker-ai,1,barrier,1,ok,1,43092.153,2,2,1361.132,12.38,1152.025,194.672,194.713,0.0,ok
l3-023-fr-consumer,1,barrier,1,ok,1,77799.736,3,2,1605.535,12.151,1291.004,296.899,297.215,0.0,ok
l3-025-fr-worker-ai,1,barrier,1,ok,1,50606.768,3,2,1149.19,7.031,947.293,193.072,193.507,0.0,ok
l3-026-uk-transfer,1,barrier,1,ok,1,36985.46,3,2,1230.419,13.963,1005.186,209.496,209.54,0.0,ok
l3-028-uk-consumer,1,barrier,1,ok,1,40944.829,3,2,1197.133,7.325,903.361,284.818,284.866,0.0,ok
l3-030-uk-worker-ai,1,barrier,1,ok,1,35865.133,3,2,1294.958,11.121,1089.698,193.116,193.312,0.0,ok
l3-032-ca-breach,1,barrier,1,ok,1,30885.431,7,2,1187.165,10.022,964.399,210.981,211.036,0.0,ok
l3-033-ca-consumer,1,barrier,1,ok,1,33085.364,2,2,1355.661,6.306,1063.975,279.476,279.523,0.0,ok
l3-037-au-breach,1,barrier,1,ok,1,47501.105,2,2,1158.614,10.971,939.446,206.387,206.426,0.0,ok
l3-039-au-platform,1,barrier,1,ok,1,95119.271,2,2,1195.184,7.8,994.253,191.122,191.176,0.0,ok
l3-041-sg-transfer,1,barrier,1,ok,1,75804.194,2,2,1198.422,7.924,967.524,219.908,219.958,0.0,ok
l3-043-sg-consumer,1,barrier,1,ok,1,38337.039,2,2,1075.492,14.013,849.132,211.421,211.469,0.0,ok
l3-045-sg-worker-ai,1,barrier,1,ok,1,2182.303,0,0,,,,,,,
l3-046-vn-transfer,1,barrier,1,ok,1,45725.975,3,2,1250.743,6.404,1022.511,220.378,220.429,0.0,ok
l3-047-vn-breach,1,barrier,1,ok,1,35192.506,2,2,1303.864,6.536,1082.446,213.475,213.513,0.0,ok
l3-053-th-consumer,1,barrier,1,ok,1,45703.262,2,2,1220.989,6.226,922.7,290.679,290.721,0.0,ok
l3-054-th-platform,1,barrier,1,ok,1,2324.653,0,0,,,,,,,
l3-056-id-transfer,1,barrier,1,ok,1,53693.648,2,2,1303.341,5.848,1085.368,210.801,210.847,0.0,ok
l3-057-id-breach,1,barrier,1,ok,1,35879.898,3,2,1413.785,16.343,1177.224,218.042,218.244,0.0,ok
l3-058-id-consumer,1,barrier,1,ok,1,29804.404,2,2,1150.916,13.622,922.978,212.26,212.372,0.0,ok
l3-059-id-platform,1,barrier,1,ok,1,3046.776,0,0,,,,,,,
l3-062-my-breach,1,barrier,1,ok,1,37168.795,1,2,1470.632,9.314,1238.34,221.377,221.425,0.0,ok
l3-063-my-consumer,1,barrier,1,ok,1,3364.788,0,0,,,,,,,
l3-065-my-worker-ai,1,barrier,1,ok,1,69593.43,3,2,1161.564,3.476,964.412,191.303,191.711,0.0,ok
l3-066-ph-transfer,1,barrier,1,ok,1,66653.994,2,2,1326.85,11.534,1097.168,216.456,216.498,0.0,ok
l3-067-ph-breach,1,barrier,1,ok,1,47659.165,2,2,1285.213,12.572,1057.577,213.127,213.527,0.0,ok
l3-072-in-breach,1,barrier,1,ok,1,2884.316,0,0,,,,,,,
l3-073-in-consumer,1,barrier,1,ok,1,24170.076,3,2,1359.264,7.844,1063.209,287.239,287.279,0.0,ok
l3-075-in-worker-ai,1,barrier,1,ok,1,32784.673,2,2,1243.387,4.744,1039.239,198.177,198.228,0.0,ok
l3-078-br-consumer,1,barrier,1,ok,1,44010.559,1,2,1193.302,6.334,897.406,288.439,288.481,0.0,ok
l3-079-br-platform,1,barrier,1,ok,1,40602.664,1,2,1021.591,10.64,806.367,203.878,204.255,0.0,ok
l3-081-es-transfer,1,barrier,1,ok,1,1985.89,0,0,,,,,,,
l3-082-es-breach,1,barrier,1,ok,1,109660.409,2,2,1167.53,10.99,946.643,206.687,206.736,0.0,ok
l3-088-it-consumer,1,barrier,1,ok,1,7165.357,0,0,,,,,,,
l3-092-nl-breach,1,barrier,1,ok,1,2306.478,0,0,,,,,,,
l3-098-nz-consumer,1,barrier,1,ok,1,23837.283,3,2,1461.866,6.035,1231.406,216.287,216.646,0.0,ok
l3-100-nz-worker-ai,1,barrier,1,ok,1,131512.466,4,2,1370.028,13.596,1150.534,202.119,202.41,0.0,ok
l4-001-jp-digital-platform,1,barrier,1,ok,1,17676.191,3,1,1159.178,6.909,945.104,205.474,205.522,0.0,ok
l4-004-jp-fintech,1,barrier,1,ok,1,13278.482,3,1,1322.101,7.517,1109.618,204.025,204.075,0.0,ok
l4-008-us-online-sales,1,barrier,1,ok,1,26615.168,3,1,1682.401,5.963,1444.713,230.352,230.396,0.0,ok
l4-009-us-fintech,1,barrier,1,ok,1,20087.577,6,1,2019.737,6.385,1794.22,214.043,214.23,0.0,ok
l4-012-cn-automated-hiring,1,barrier,1,ok,1,18001.379,5,1,1520.199,13.354,1233.599,271.946,272.002,0.0,ok
l4-015-cn-manufacturer,1,barrier,1,ok,1,15350.366,6,1,1235.109,6.997,992.732,234.228,234.74,0.0,ok
l4-016-de-digital-platform,1,barrier,1,ok,1,15964.726,3,1,1280.742,5.775,1047.948,225.027,225.066,0.0,ok
l4-020-de-manufacturer,1,barrier,1,ok,1,16546.274,5,1,1484.544,7.663,1253.116,222.708,222.75,0.0,ok
l4-021-fr-digital-platform,1,barrier,1,ok,1,21568.146,2,1,1243.332,7.636,1008.907,222.8,223.338,0.0,ok
l4-022-fr-automated-hiring,1,barrier,1,ok,1,18420.122,4,1,1589.291,8.139,1357.259,220.614,221.293,0.0,ok
l4-023-fr-online-sales,1,barrier,1,ok,1,22238.27,4,1,1418.952,6.776,1188.655,221.039,221.09,0.0,ok
l4-024-fr-fintech,1,barrier,1,ok,1,26161.449,2,1,1262.793,6.261,1053.23,196.979,197.361,0.0,ok
l4-027-uk-automated-hiring,1,barrier,1,ok,1,14939.076,2,1,1302.431,6.949,1078.056,216.22,216.262,0.0,ok
l4-029-uk-fintech,1,barrier,1,ok,1,45899.652,3,1,1531.374,6.125,1318.773,203.432,203.745,0.0,ok
l4-032-ca-automated-hiring,1,barrier,1,ok,1,18789.493,4,1,1550.69,8.999,1298.944,240.814,240.858,0.0,ok
l4-034-ca-fintech,1,barrier,1,ok,1,18326.285,2,1,2119.292,11.853,1905.892,195.646,195.919,0.0,ok
l4-036-au-digital-platform,1,barrier,1,ok,1,31095.102,3,1,1403.305,6.964,1167.623,226.358,226.678,0.0,ok
l4-038-au-online-sales,1,barrier,1,ok,1,19362.145,2,1,1309.733,6.417,1081.587,220.319,220.364,0.0,ok
l4-039-au-fintech,1,barrier,1,ok,1,24336.97,3,1,1364.134,5.949,1159.1,197.155,197.195,0.0,ok
l4-040-au-manufacturer,1,barrier,1,ok,1,22311.344,4,1,1960.584,23.42,1713.983,222.086,222.142,0.0,ok
l4-044-sg-fintech,1,barrier,1,ok,1,24829.683,3,1,2279.64,5.952,2062.473,199.385,199.432,0.0,ok
l4-045-sg-manufacturer,1,barrier,1,ok,1,14388.416,3,1,1199.902,6.305,975.296,217.53,217.574,0.0,ok
l4-051-th-digital-platform,1,barrier,1,ok,1,23306.098,1,1,1171.715,7.066,940.182,222.584,222.959,0.0,ok
l4-054-th-fintech,1,barrier,1,ok,1,14102.534,3,1,1198.018,3.346,992.538,201.212,201.26,0.0,ok
l4-055-th-manufacturer,1,barrier,1,ok,1,14737.827,3,1,1149.526,7.222,920.089,221.459,221.505,0.0,ok
l4-058-id-online-sales,1,barrier,1,ok,1,21512.499,4,1,1447.236,6.14,1220.275,219.686,219.727,0.0,ok
l4-059-id-fintech,1,barrier,1,ok,1,20343.248,4,1,1383.619,6.216,1170.726,204.543,204.589,0.0,ok
l4-063-my-online-sales,1,barrier,1,ok,1,26987.383,3,1,1294.836,6.166,1071.746,215.975,216.016,0.0,ok
l4-065-my-manufacturer,1,barrier,1,ok,1,18054.436,2,1,1225.631,6.285,1000.173,218.202,218.247,0.0,ok
l4-067-ph-automated-hiring,1,barrier,1,ok,1,15336.001,4,1,1167.829,6.285,918.093,241.791,241.836,0.0,ok
l4-069-ph-fintech,1,barrier,1,ok,1,16372.337,4,1,1135.271,6.284,930.019,197.699,198.033,0.0,ok
l4-070-ph-manufacturer,1,barrier,1,ok,1,20533.99,9,1,1370.861,8.694,1116.754,244.399,244.735,0.0,ok
l4-071-in-digital-platform,1,barrier,1,ok,1,21282.81,2,1,1208.065,8.714,972.925,224.316,224.356,0.0,ok
l4-072-in-automated-hiring,1,barrier,1,ok,1,16739.888,6,1,1360.862,6.975,1111.236,241.346,241.384,0.0,ok
l4-075-in-manufacturer,1,barrier,1,ok,1,34385.429,2,1,1114.39,6.567,878.009,228.807,228.853,0.0,ok
l4-080-br-manufacturer,1,barrier,1,ok,1,15094.213,4,1,1164.07,6.394,938.803,217.724,217.766,0.0,ok
l4-081-es-digital-platform,1,barrier,1,ok,1,21111.913,2,1,1151.418,3.727,926.353,219.726,219.765,0.0,ok
l4-082-es-automated-hiring,1,barrier,1,ok,1,12331.905,1,1,1218.759,19.139,978.152,217.871,217.913,0.0,ok
l4-083-es-online-sales,1,barrier,1,ok,1,17105.849,2,1,1229.76,7.212,1031.587,189.17,189.216,0.0,ok
l4-088-it-online-sales,1,barrier,1,ok,1,2654.939,0,0,,,,,,,
l4-089-it-fintech,1,barrier,1,ok,1,2935.481,0,0,,,,,,,
l4-090-it-manufacturer,1,barrier,1,ok,1,2330.37,0,0,,,,,,,
l4-092-nl-automated-hiring,1,barrier,1,ok,1,2276.175,0,0,,,,,,,
l4-093-nl-online-sales,1,barrier,1,ok,1,1714.218,0,0,,,,,,,
l4-094-nl-fintech,1,barrier,1,ok,1,1897.967,0,0,,,,,,,
l4-095-nl-manufacturer,1,barrier,1,ok,1,1882.254,0,0,,,,,,,
l4-096-nz-digital-platform,1,barrier,1,ok,1,35080.008,3,1,1427.651,6.504,1201.476,218.375,218.677,0.0,ok
l4-097-nz-automated-hiring,1,barrier,1,ok,1,17608.981,4,1,1385.724,6.269,1140.072,238.26,238.31,0.0,ok
l4-099-nz-fintech,1,barrier,1,ok,1,16920.131,2,1,1526.967,6.451,1321.907,196.848,196.892,0.0,ok
l4-100-nz-manufacturer,1,barrier,1,ok,1,17257.433,3,1,1567.383,9.249,1335.081,221.541,222.376,0.0,ok
l1-001-jp,1,ready,2,ok,1,30881.566,4,1,918.303,5.801,0.003,93.578,0.01,93.578,ok
l1-002-jp,1,ready,2,ok,1,42161.033,2,1,998.742,9.5,0.004,96.463,0.006,96.463,ok
l1-003-jp,1,ready,2,ok,1,23200.484,1,1,996.347,5.971,0.005,147.839,0.012,147.839,ok
l1-005-jp,1,ready,2,ok,1,45188.201,4,1,701.76,8.252,0.004,4.87,0.006,4.87,ok
l1-010-us,1,ready,2,ok,1,33045.156,2,1,784.916,6.602,0.005,97.943,0.01,97.943,ok
l1-012-cn,1,ready,2,ok,1,19316.261,2,1,925.967,6.117,0.005,96.266,0.02,96.266,ok
l1-013-cn,1,ready,2,ok,1,16526.501,1,1,876.371,6.831,0.004,92.519,0.01,92.519,ok
l1-018-de,1,ready,2,ok,1,18652.511,2,1,1141.633,5.978,0.005,4.881,0.009,4.881,ok
l1-019-de,1,ready,2,ok,1,11940.853,1,1,838.657,11.028,0.005,141.209,0.007,141.209,ok
l1-023-fr,1,ready,2,ok,1,19122.164,1,1,756.964,7.382,0.006,114.691,0.01,114.691,ok
l1-024-fr,1,ready,2,ok,1,46629.203,3,1,937.694,8.232,0.005,115.34,0.01,115.34,ok
l1-025-fr,1,ready,2,ok,1,22015.916,4,1,751.055,6.051,0.004,88.987,0.01,88.987,ok
l1-027-uk,1,ready,2,ok,1,15633.568,2,1,781.247,7.606,0.003,91.745,0.006,91.745,ok
l1-031-ca,1,ready,2,ok,1,18882.734,4,1,733.939,6.275,0.003,84.242,0.009,84.242,ok
l1-032-ca,1,ready,2,ok,1,22933.553,1,1,835.81,7.823,0.003,112.839,0.008,112.839,ok
l1-033-ca,1,ready,2,ok,1,30488.308,3,1,896.35,7.311,0.004,90.562,0.009,90.562,ok
l1-035-ca,1,ready,2,ok,1,23054.518,1,1,2127.656,5.866,0.005,90.337,0.01,90.337,ok
l1-036-au,1,ready,2,ok,1,17784.463,5,1,727.469,6.504,0.004,103.388,0.01,103.388,ok
l1-037-au,1,ready,2,ok,1,16453.668,2,1,668.017,6.299,0.005,90.061,0.022,90.061,ok
l1-038-au,1,ready,2,ok,1,24382.592,5,1,837.862,6.015,0.003,66.265,0.008,66.265,ok
l1-039-au,1,ready,2,ok,1,14151.07,1,1,797.533,6.742,0.004,91.586,0.007,91.586,ok
l1-040-au,1,ready,2,ok,1,16283.676,3,1,907.077,7.062,0.004,90.515,0.007,90.515,ok
l1-041-sg,1,ready,2,ok,1,30137.979,1,1,841.081,6.385,0.005,90.184,0.008,90.184,ok
l1-042-sg,1,ready,2,ok,1,34355.285,2,1,4248.51,7.607,0.004,91.747,0.009,91.747,ok
l1-044-sg,1,ready,2,ok,1,24419.176,3,1,1224.658,6.352,0.005,89.462,0.008,89.462,ok
l1-046-vn,1,ready,2,ok,1,17743.382,1,1,893.257,8.72,0.004,4.541,0.005,4.541,ok
l1-049-vn,1,ready,2,ok,1,43385.574,2,1,888.19,6.327,0.004,89.071,0.009,89.071,ok
l1-050-vn,1,ready,2,ok,1,25199.713,4,1,918.26,6.086,0.005,4.719,0.009,4.719,ok
l1-051-th,1,ready,2,ok,1,21356.579,1,1,956.558,5.647,0.004,102.23,0.009,102.23,ok
l1-052-th,1,ready,2,ok,1,22702.751,1,1,855.597,7.861,0.006,93.666,0.006,93.666,ok
l1-053-th,1,ready,2,ok,1,16863.958,1,1,775.93,6.128,0.004,100.333,0.01,100.333,ok
l1-054-th,1,ready,2,ok,1,17157.086,2,1,845.822,7.457,0.004,4.805,0.006,4.805,ok
l1-055-th,1,ready,2,ok,1,36794.452,2,1,818.859,7.702,0.004,87.631,0.009,87.631,ok
l1-059-id,1,ready,2,ok,1,21140.449,1,1,1143.144,6.426,0.005,90.607,0.01,90.607,ok
l1-060-id,1,ready,2,ok,1,16099.344,3,1,2515.134,7.481,0.004,90.96,0.019,90.96,ok
l1-062-my,1,ready,2,ok,1,14417.131,1,1,968.85,6.704,0.005,90.178,0.01,90.178,ok
l1-065-my,1,ready,2,ok,1,31488.934,3,1,926.302,5.986,0.004,85.553,0.008,85.553,ok
l1-068-ph,1,ready,2,ok,1,25094.305,1,1,902.472,6.301,0.004,115.175,0.012,115.175,ok
l1-070-ph,1,ready,2,ok,1,23532.773,3,1,1039.357,7.894,0.004,110.85,0.006,110.85,ok
l1-075-in,1,ready,2,ok,1,20715.867,1,1,1023.903,6.024,0.005,89.472,0.01,89.472,ok
l1-078-br,1,ready,2,ok,1,12357.842,1,1,1102.904,5.931,0.004,124.33,0.007,124.33,ok
l1-081-es,1,ready,2,ok,1,18514.769,3,1,840.058,7.266,0.003,213.547,0.006,213.547,ok
l1-082-es,1,ready,2,ok,1,43285.951,5,1,840.614,6.512,0.005,255.508,0.01,255.508,ok
l1-085-es,1,ready,2,ok,1,34898.391,1,1,841.179,9.622,0.003,141.093,0.01,141.093,ok
l1-091-nl,1,ready,2,ok,1,5048.529,0,0,,,,,,,
l1-092-nl,1,ready,2,ok,1,6244.755,0,0,,,,,,,
l1-094-nl,1,ready,2,ok,1,6528.731,0,0,,,,,,,
l1-095-nl,1,ready,2,ok,1,7563.793,0,0,,,,,,,
l1-097-nz,1,ready,2,ok,1,19986.266,3,1,926.326,7.963,0.004,230.119,0.011,230.119,ok
l1-098-nz,1,ready,2,ok,1,19927.896,1,1,1061.736,7.877,0.005,117.86,0.006,117.86,ok
l2-001-jp-data-rights,1,ready,2,ok,1,12495.901,1,1,1002.19,6.069,0.004,361.042,0.008,361.042,ok
l2-002-jp-breach,1,ready,2,ok,1,18983.536,3,1,1056.664,6.522,0.004,210.917,0.013,210.917,ok
l2-003-jp-transfer,1,ready,2,ok,1,12884.726,2,1,1006.619,6.25,0.004,341.952,0.007,341.952,ok
l2-010-us-worker,1,ready,2,ok,1,16323.482,4,1,1030.007,9.106,0.004,174.612,0.007,174.612,ok
l2-013-cn-transfer,1,ready,2,ok,1,10280.415,1,1,1140.483,2.656,0.002,187.595,0.006,187.595,ok
l2-017-de-breach,1,ready,2,ok,1,10390.689,2,1,816.683,6.05,0.004,209.784,0.008,209.784,ok
l2-022-fr-breach,1,ready,2,ok,1,15838.376,2,1,1048.828,9.003,0.004,213.544,0.01,213.544,ok
l2-024-fr-consumer,1,ready,2,ok,1,14558.799,3,1,1040.365,7.326,0.005,193.398,0.012,193.398,ok
l2-026-uk-data-rights,1,ready,2,ok,1,20368.788,3,1,1008.01,6.734,0.005,357.503,0.01,357.503,ok
l2-029-uk-consumer,1,ready,2,ok,1,16882.31,2,1,1039.076,11.178,0.001,200.677,0.011,200.677,ok
l2-034-ca-consumer,1,ready,2,ok,1,15634.196,1,1,1022.637,6.122,0.004,192.341,0.016,192.341,ok
l2-035-ca-worker,1,ready,2,ok,1,13872.675,2,1,952.672,8.16,0.004,168.896,0.009,168.896,ok
l2-036-au-data-rights,1,ready,2,ok,1,20061.718,2,1,940.384,5.893,0.004,216.368,0.009,216.368,ok
l2-038-au-transfer,1,ready,2,ok,1,13390.195,2,1,989.502,6.348,0.004,339.935,0.01,339.935,ok
l2-039-au-consumer,1,ready,2,ok,1,17016.747,3,1,821.535,6.412,0.004,192.266,0.01,192.266,ok
l2-040-au-worker,1,ready,2,ok,1,11958.933,2,1,902.127,8.221,0.004,169.242,0.011,169.242,ok
l2-045-sg-worker,1,ready,2,ok,1,12381.025,1,1,1151.108,5.961,0.004,169.74,0.009,169.74,ok
l2-046-vn-data-rights,1,ready,2,ok,1,15753.587,2,1,969.496,7.538,0.005,222.146,0.011,222.146,ok
l2-047-vn-breach,1,ready,2,ok,1,11544.249,4,1,924.345,5.306,0.003,213.555,0.01,213.555,ok
l2-051-th-data-rights,1,ready,2,ok,1,19393.062,1,1,842.353,6.6,0.005,223.197,0.009,223.197,ok
l2-052-th-breach,1,ready,2,ok,1,11405.704,2,1,903.518,9.181,0.005,210.45,0.006,210.45,ok
l2-053-th-transfer,1,ready,2,ok,1,11627.027,1,1,1001.172,8.174,0.003,336.579,0.007,336.579,ok
l2-054-th-consumer,1,ready,2,ok,1,15263.848,2,1,766.283,6.0,0.003,190.261,0.01,190.261,ok
l2-055-th-worker,1,ready,2,ok,1,11966.101,4,1,881.559,6.029,0.004,165.518,0.009,165.518,ok
l2-056-id-data-rights,1,ready,2,ok,1,15010.849,1,1,1246.289,6.093,0.005,222.192,0.009,222.192,ok
l2-057-id-breach,1,ready,2,ok,1,11821.205,2,1,1363.706,5.959,0.004,216.987,0.008,216.987,ok
l2-060-id-worker,1,ready,2,ok,1,24061.886,1,1,1559.766,8.233,0.004,208.301,0.008,208.301,ok
l2-061-my-data-rights,1,ready,2,ok,1,21752.746,1,1,1011.896,6.463,0.003,354.655,0.008,354.655,ok
l2-064-my-consumer,1,ready,2,ok,1,17969.205,4,1,1177.818,6.65,0.006,193.188,0.007,193.188,ok
l2-066-ph-data-rights,1,ready,2,ok,1,11479.396,1,1,910.204,5.786,0.004,223.466,0.007,223.466,ok
l2-067-ph-breach,1,ready,2,ok,1,13476.765,2,1,963.13,5.863,0.003,219.471,0.008,219.471,ok
l2-068-ph-transfer,1,ready,2,ok,1,9253.113,1,1,950.019,5.886,0.004,215.941,0.009,215.941,ok
l2-070-ph-worker,1,ready,2,ok,1,18918.402,1,1,908.01,8.084,0.004,190.715,0.007,190.715,ok
l2-071-in-data-rights,1,ready,2,ok,1,11874.441,1,1,967.458,6.328,0.005,221.301,0.008,221.301,ok
l2-072-in-breach,1,ready,2,ok,1,14508.247,3,1,1177.406,6.145,0.004,209.72,0.008,209.72,ok
l2-073-in-transfer,1,ready,2,ok,1,12195.271,2,1,1275.646,8.41,0.003,339.502,0.007,339.502,ok
l2-081-es-data-rights,1,ready,2,ok,1,21472.245,2,1,944.85,10.296,0.004,315.431,0.007,315.431,ok
l2-082-es-breach,1,ready,2,ok,1,12207.858,3,1,1166.263,7.689,0.004,212.001,0.01,212.001,ok
l2-083-es-transfer,1,ready,2,ok,1,17518.916,2,1,1403.249,8.147,0.004,246.565,0.006,246.565,ok
l2-084-es-consumer,1,ready,2,ok,1,15722.433,4,1,898.75,5.959,0.004,212.152,0.011,212.152,ok
l2-085-es-worker,1,ready,2,ok,1,14010.771,2,1,845.853,6.34,0.004,193.835,0.011,193.835,ok
l2-086-it-data-rights,1,ready,2,ok,1,2364.011,0,0,,,,,,,
l2-087-it-breach,1,ready,2,ok,1,3205.777,0,0,,,,,,,
l2-088-it-transfer,1,ready,2,ok,1,2285.479,0,0,,,,,,,
l2-089-it-consumer,1,ready,2,ok,1,1739.974,0,0,,,,,,,
l2-090-it-worker,1,ready,2,ok,1,1960.274,0,0,,,,,,,
l2-091-nl-data-rights,1,ready,2,ok,1,2636.143,0,0,,,,,,,
l2-092-nl-breach,1,ready,2,ok,1,2147.163,0,0,,,,,,,
l2-096-nz-data-rights,1,ready,2,ok,1,11592.03,3,1,1466.761,7.113,0.003,311.982,0.007,311.982,ok
l2-100-nz-worker,1,ready,2,ok,1,10663.24,3,1,1084.688,8.449,0.004,193.153,0.008,193.153,ok
l3-001-jp-transfer,1,ready,2,ok,1,102888.753,2,2,1129.918,10.1,0.004,230.824,0.011,230.824,ok
l3-002-jp-breach,1,ready,2,ok,1,205911.548,4,2,979.839,5.988,0.005,221.668,0.008,221.668,ok
l3-005-jp-worker-ai,1,ready,2,ok,1,41168.701,4,2,1056.766,6.347,0.005,198.277,0.006,198.277,ok
l3-007-us-breach,1,ready,2,ok,1,45639.471,2,2,1405.401,10.774,0.003,260.712,0.01,260.712,ok
l3-008-us-consumer,1,ready,2,ok,1,20322.433,3,2,1121.825,6.639,0.005,299.6,0.009,299.6,ok
l3-010-us-worker-ai,1,ready,2,ok,1,36817.468,2,2,1179.939,14.259,0.005,212.999,0.007,212.999,ok
l3-011-cn-transfer,1,ready,2,ok,1,45981.547,3,2,1000.778,15.796,0.005,222.924,0.01,222.924,ok
l3-013-cn-consumer,1,ready,2,ok,1,37787.608,2,2,1035.589,11.514,0.004,294.535,0.009,294.535,ok
l3-014-cn-platform,1,ready,2,ok,1,52727.26,4,2,801.632,11.887,0.004,243.579,0.01,243.579,ok
l3-015-cn-worker-ai,1,ready,2,ok,1,35048.345,2,2,993.275,6.039,0.004,197.065,0.011,197.065,ok
l3-016-de-transfer,1,ready,2,ok,1,48759.414,2,2,959.296,5.923,0.003,218.559,0.011,218.559,ok
l3-018-de-consumer,1,ready,2,ok,1,29660.977,6,2,1085.471,6.48,0.004,300.628,0.008,300.628,ok
l3-019-de-platform,1,ready,2,ok,1,32299.07,7,2,1050.203,11.028,0.004,194.533,0.009,194.533,ok
l3-020-de-worker-ai,1,ready,2,ok,1,32396.9,2,2,1007.576,11.695,0.001,195.225,0.014,195.225,ok
l3-023-fr-consumer,1,ready,2,ok,1,82979.841,4,2,1243.475,10.999,0.003,313.198,0.005,313.198,ok
l3-025-fr-worker-ai,1,ready,2,ok,1,50188.407,3,2,908.233,11.975,0.004,202.34,0.009,202.34,ok
l3-026-uk-transfer,1,ready,2,ok,1,41565.868,4,2,1056.249,13.774,0.004,231.312,0.009,231.312,ok
l3-028-uk-consumer,1,ready,2,ok,1,30042.963,3,2,991.648,11.143,0.004,293.071,0.007,293.071,ok
l3-030-uk-worker-ai,1,ready,2,ok,1,39450.33,4,2,1136.107,12.901,0.003,199.158,0.008,199.158,ok
l3-032-ca-breach,1,ready,2,ok,1,25330.368,6,2,979.475,11.573,0.001,219.708,0.009,219.708,ok
l3-033-ca-consumer,1,ready,2,ok,1,23676.333,2,2,1049.245,6.205,0.005,287.827,0.01,287.827,ok
l3-037-au-breach,1,ready,2,ok,1,41826.754,2,2,981.682,18.341,0.006,234.255,0.009,234.255,ok
l3-039-au-platform,1,ready,2,ok,1,53030.323,2,2,960.434,11.46,0.005,193.871,0.01,193.871,ok
l3-041-sg-transfer,1,ready,2,ok,1,72611.375,2,2,985.765,18.796,0.004,225.177,0.023,225.177,ok
l3-043-sg-consumer,1,ready,2,ok,1,40105.289,2,2,831.991,5.864,0.003,212.384,0.009,212.384,ok
l3-045-sg-worker-ai,1,ready,2,ok,1,2160.625,0,0,,,,,,,
l3-046-vn-transfer,1,ready,2,ok,1,43464.136,3,2,1039.466,13.638,0.005,224.512,0.008,224.512,ok
l3-047-vn-breach,1,ready,2,ok,1,53566.717,4,2,1068.942,9.752,0.004,220.672,0.011,220.672,ok
l3-053-th-consumer,1,ready,2,ok,1,43600.636,2,2,1050.646,8.921,0.004,301.731,0.007,301.731,ok
l3-054-th-platform,1,ready,2,ok,1,2484.65,0,0,,,,,,,
l3-056-id-transfer,1,ready,2,ok,1,36198.38,1,2,1081.114,6.284,0.004,214.572,0.008,214.572,ok
l3-057-id-breach,1,ready,2,ok,1,31003.806,2,2,952.072,13.689,0.004,231.741,0.005,231.741,ok
l3-058-id-consumer,1,ready,2,ok,1,26946.083,2,2,1325.774,12.812,0.004,293.779,0.005,293.779,ok
l3-059-id-platform,1,ready,2,ok,1,4421.13,0,0,,,,,,,
l3-062-my-breach,1,ready,2,ok,1,33394.397,1,2,1044.74,12.365,0.003,250.598,0.011,250.598,ok
l3-063-my-consumer,1,ready,2,ok,1,1890.566,0,0,,,,,,,
l3-065-my-worker-ai,1,ready,2,ok,1,51161.638,2,2,1046.489,11.091,0.001,217.675,0.01,217.675,ok
l3-066-ph-transfer,1,ready,2,ok,1,70915.649,3,2,1079.861,9.961,0.001,219.572,0.01,219.572,ok
l3-067-ph-breach,1,ready,2,ok,1,49285.078,2,2,909.45,13.783,0.004,219.476,0.009,219.476,ok
l3-072-in-breach,1,ready,2,ok,1,3571.914,0,0,,,,,,,
l3-073-in-consumer,1,ready,2,ok,1,37763.687,3,2,1135.352,6.579,0.003,225.231,0.01,225.231,ok
l3-075-in-worker-ai,1,ready,2,ok,1,34118.607,3,2,955.731,13.528,0.004,194.66,0.007,194.66,ok
l3-078-br-consumer,1,ready,2,ok,1,45878.042,2,2,886.059,7.043,0.004,290.068,0.01,290.068,ok
l3-079-br-platform,1,ready,2,ok,1,44988.532,1,2,804.499,6.271,0.004,203.83,0.007,203.83,ok
l3-081-es-transfer,1,ready,2,ok,1,2443.413,0,0,,,,,,,
l3-082-es-breach,1,ready,2,ok,1,107227.129,2,2,1008.376,10.514,0.003,219.567,0.008,219.567,ok
l3-088-it-consumer,1,ready,2,ok,1,3367.333,0,0,,,,,,,
l3-092-nl-breach,1,ready,2,ok,1,2911.373,0,0,,,,,,,
l3-098-nz-consumer,1,ready,2,ok,1,27452.217,3,2,1091.672,11.575,0.005,215.167,0.009,215.167,ok
l3-100-nz-worker-ai,1,ready,2,ok,1,112847.488,4,2,1029.623,7.382,0.004,201.685,0.008,201.685,ok
l4-001-jp-digital-platform,1,ready,2,ok,1,16056.902,3,1,973.156,6.34,0.023,209.107,0.009,209.107,ok
l4-004-jp-fintech,1,ready,2,ok,1,16347.397,5,1,1613.198,11.269,0.004,212.558,0.008,212.558,ok
l4-008-us-online-sales,1,ready,2,ok,1,23076.617,3,1,1048.739,7.056,0.005,227.785,0.008,227.785,ok
l4-009-us-fintech,1,ready,2,ok,1,18457.862,6,1,1400.952,7.542,0.004,209.954,0.009,209.954,ok
l4-012-cn-automated-hiring,1,ready,2,ok,1,19929.497,5,1,1335.127,8.042,0.004,251.424,0.007,251.424,ok
l4-015-cn-manufacturer,1,ready,2,ok,1,17955.984,6,1,1083.763,6.707,0.005,229.866,0.008,229.866,ok
l4-016-de-digital-platform,1,ready,2,ok,1,32781.038,3,1,995.214,8.152,0.004,228.406,0.006,228.406,ok
l4-020-de-manufacturer,1,ready,2,ok,1,13348.753,5,1,1076.979,6.34,0.003,226.913,0.008,226.913,ok
l4-021-fr-digital-platform,1,ready,2,ok,1,21801.399,2,1,1018.803,7.221,0.004,228.241,0.008,228.241,ok
l4-022-fr-automated-hiring,1,ready,2,ok,1,21838.326,4,1,1287.623,7.48,0.004,214.702,0.009,214.702,ok
l4-023-fr-online-sales,1,ready,2,ok,1,18584.552,4,1,1185.46,6.243,0.004,213.895,0.01,213.895,ok
l4-024-fr-fintech,1,ready,2,ok,1,17337.58,2,1,1132.308,6.326,0.004,202.992,0.008,202.992,ok
l4-027-uk-automated-hiring,1,ready,2,ok,1,14967.923,2,1,1188.781,5.828,0.003,214.116,0.008,214.116,ok
l4-029-uk-fintech,1,ready,2,ok,1,241883.23,0,1,1322.512,6.517,0.005,199.293,0.009,199.293,ok
l4-032-ca-automated-hiring,1,ready,2,ok,1,17534.052,4,1,1382.119,9.391,0.004,244.587,0.008,244.587,ok
l4-034-ca-fintech,1,ready,2,ok,1,19558.271,2,1,1373.906,6.187,0.003,197.183,0.011,197.183,ok
l4-036-au-digital-platform,1,ready,2,ok,1,26000.639,3,1,1116.984,6.661,0.004,229.799,0.009,229.799,ok
l4-038-au-online-sales,1,ready,2,ok,1,24107.642,1,1,1129.768,5.982,0.003,213.759,0.009,213.759,ok
l4-039-au-fintech,1,ready,2,ok,1,21569.436,3,1,1296.082,6.038,0.004,203.936,0.01,203.936,ok
l4-040-au-manufacturer,1,ready,2,ok,1,20957.924,4,1,1110.391,6.553,0.005,223.46,0.009,223.46,ok
l4-044-sg-fintech,1,ready,2,ok,1,27116.992,4,1,1630.61,14.919,0.004,200.428,0.009,200.428,ok
l4-045-sg-manufacturer,1,ready,2,ok,1,31206.982,3,1,1125.114,7.687,0.005,223.214,0.007,223.214,ok
l4-051-th-digital-platform,1,ready,2,ok,1,18206.679,1,1,1083.669,7.288,0.004,225.987,0.01,225.987,ok
l4-054-th-fintech,1,ready,2,ok,1,13052.749,3,1,990.414,9.163,0.004,373.508,0.01,373.508,ok
l4-055-th-manufacturer,1,ready,2,ok,1,14529.431,4,1,933.259,7.967,0.005,217.519,0.006,217.519,ok
l4-058-id-online-sales,1,ready,2,ok,1,17704.519,4,1,1382.747,8.177,0.003,219.877,0.009,219.877,ok
l4-059-id-fintech,1,ready,2,ok,1,26911.864,4,1,2837.879,6.585,0.006,199.322,0.008,199.322,ok
l4-063-my-online-sales,1,ready,2,ok,1,25256.275,3,1,1073.001,6.374,0.004,218.972,0.007,218.972,ok
l4-065-my-manufacturer,1,ready,2,ok,1,17986.256,2,1,1021.398,5.924,0.003,219.659,0.008,219.659,ok
l4-067-ph-automated-hiring,1,ready,2,ok,1,14443.277,3,1,1061.017,6.006,0.004,238.978,0.007,238.978,ok
l4-069-ph-fintech,1,ready,2,ok,1,14905.31,4,1,1120.16,6.773,0.004,195.598,0.008,195.598,ok
l4-070-ph-manufacturer,1,ready,2,ok,1,20264.736,8,1,915.835,6.052,0.003,223.231,0.01,223.231,ok
l4-071-in-digital-platform,1,ready,2,ok,1,26017.806,2,1,919.082,6.348,0.005,227.919,0.012,227.919,ok
l4-072-in-automated-hiring,1,ready,2,ok,1,15651.013,6,1,1232.857,7.085,0.004,249.536,0.006,249.536,ok
l4-075-in-manufacturer,1,ready,2,ok,1,13222.167,2,1,1062.099,8.278,0.004,223.751,0.009,223.751,ok
l4-080-br-manufacturer,1,ready,2,ok,1,12638.779,4,1,972.457,6.355,0.004,216.461,0.01,216.461,ok
l4-081-es-digital-platform,1,ready,2,ok,1,22647.381,2,1,963.81,6.661,0.004,223.657,0.012,223.657,ok
l4-082-es-automated-hiring,1,ready,2,ok,1,12116.635,1,1,1047.919,6.15,0.004,223.764,0.006,223.764,ok
l4-083-es-online-sales,1,ready,2,ok,1,18175.153,3,1,1049.514,5.841,0.004,201.68,0.009,201.68,ok
l4-088-it-online-sales,1,ready,2,ok,1,8148.166,0,0,,,,,,,
l4-089-it-fintech,1,ready,2,ok,1,2026.84,0,0,,,,,,,
l4-090-it-manufacturer,1,ready,2,ok,1,1901.649,0,0,,,,,,,
l4-092-nl-automated-hiring,1,ready,2,ok,1,1963.683,0,0,,,,,,,
l4-093-nl-online-sales,1,ready,2,ok,1,2027.832,0,0,,,,,,,
l4-094-nl-fintech,1,ready,2,ok,1,3204.877,0,0,,,,,,,
l4-095-nl-manufacturer,1,ready,2,ok,1,1660.013,0,0,,,,,,,
l4-096-nz-digital-platform,1,ready,2,ok,1,16997.711,3,1,1295.238,6.039,0.004,227.3,0.01,227.3,ok
l4-097-nz-automated-hiring,1,ready,2,ok,1,21221.725,4,1,1166.451,6.166,0.005,247.795,0.011,247.795,ok
l4-099-nz-fintech,1,ready,2,ok,1,14994.961,2,1,1302.786,6.236,0.004,194.525,0.011,194.525,ok
l4-100-nz-manufacturer,1,ready,2,ok,1,22087.438,3,1,1303.896,6.492,0.005,220.508,0.007,220.508,ok
l1-001-jp,2,barrier,2,ok,1,27981.04,4,1,1038.221,5.881,939.477,91.689,91.732,0.0,ok
l1-002-jp,2,barrier,2,ok,1,35144.986,2,1,887.839,6.322,784.803,94.985,95.371,0.0,ok
l1-003-jp,2,barrier,2,ok,1,20882.899,1,1,1272.214,6.866,1148.478,115.636,115.687,0.0,ok
l1-005-jp,2,barrier,2,ok,1,19795.186,4,1,739.564,8.679,725.009,5.181,5.552,0.0,ok
l1-010-us,2,barrier,2,ok,1,23497.079,2,1,850.044,6.39,749.023,92.887,93.205,0.0,ok
l1-012-cn,2,barrier,2,ok,1,24144.106,2,1,989.595,7.473,887.38,93.569,93.614,0.0,ok
l1-013-cn,2,barrier,2,ok,1,19301.891,1,1,929.588,7.112,811.082,110.165,110.48,0.0,ok
l1-018-de,2,barrier,2,ok,1,17793.498,2,1,1060.566,7.592,1043.527,6.793,6.849,0.0,ok
l1-019-de,2,barrier,2,ok,1,12031.996,1,1,890.474,6.014,769.502,112.42,112.743,0.0,ok
l1-023-fr,2,barrier,2,ok,1,20176.68,1,1,973.337,7.393,845.795,115.273,115.582,0.0,ok
l1-024-fr,2,barrier,2,ok,1,26260.918,3,1,1042.712,7.81,916.715,113.464,114.09,0.0,ok
l1-025-fr,2,barrier,2,ok,1,34075.613,4,1,909.624,7.412,811.953,86.448,87.043,0.0,ok
l1-027-uk,2,barrier,2,ok,1,16857.621,2,1,955.566,7.632,853.559,93.204,93.256,0.0,ok
l1-031-ca,2,barrier,2,ok,1,19041.67,4,1,761.235,6.156,663.412,90.24,90.292,0.0,ok
l1-032-ca,2,barrier,2,ok,1,24147.772,1,1,973.211,6.986,847.921,117.591,117.639,0.0,ok
l1-033-ca,2,barrier,2,ok,1,24657.281,3,1,713.637,6.436,615.713,90.12,90.453,0.0,ok
l1-035-ca,2,barrier,2,ok,1,23098.068,1,1,1074.577,7.287,972.487,92.712,93.025,0.0,ok
l1-036-au,2,barrier,2,ok,1,18824.434,5,1,862.893,6.136,763.803,90.234,90.279,0.0,ok
l1-037-au,2,barrier,2,ok,1,19456.181,2,1,835.565,7.615,733.096,93.569,93.85,0.0,ok
l1-038-au,2,barrier,2,ok,1,33677.99,5,1,897.915,5.464,819.315,70.08,70.123,0.0,ok
l1-039-au,2,barrier,2,ok,1,16647.849,1,1,1091.243,5.912,992.252,91.518,91.563,0.0,ok
l1-040-au,2,barrier,2,ok,1,20995.461,3,1,974.004,6.788,867.862,95.954,97.238,0.0,ok
l1-041-sg,2,barrier,2,ok,1,25817.469,1,1,969.277,6.251,869.217,88.11,88.151,0.0,ok
l1-042-sg,2,barrier,2,ok,1,20065.654,2,1,1010.82,5.953,907.771,89.412,89.456,0.0,ok
l1-044-sg,2,barrier,2,ok,1,19048.913,3,1,1351.062,6.132,1245.853,94.061,94.111,0.0,ok
l1-046-vn,2,barrier,2,ok,1,14399.749,1,1,884.597,7.693,871.303,5.003,5.044,0.0,ok
l1-049-vn,2,barrier,2,ok,1,26704.967,2,1,791.041,5.799,688.29,96.123,96.166,0.0,ok
l1-050-vn,2,barrier,2,ok,1,21654.384,4,1,929.392,5.773,910.298,11.716,11.763,0.0,ok
l1-051-th,2,barrier,2,ok,1,17667.796,1,1,784.466,5.703,688.682,88.985,89.025,0.0,ok
l1-052-th,2,barrier,2,ok,1,26943.981,1,1,947.979,7.411,847.091,92.131,97.574,0.0,ok
l1-053-th,2,barrier,2,ok,1,20354.387,1,1,846.172,6.938,745.608,92.035,92.072,0.0,ok
l1-054-th,2,barrier,2,ok,1,17882.962,2,1,837.183,7.905,820.817,6.617,7.3,0.0,ok
l1-055-th,2,barrier,2,ok,1,19567.179,2,1,858.419,6.493,763.972,86.724,86.767,0.0,ok
l1-059-id,2,barrier,2,ok,1,34913.413,1,1,1269.402,6.711,1169.855,91.243,91.544,0.0,ok
l1-060-id,2,barrier,2,ok,1,16252.357,3,1,1100.471,6.238,1005.683,87.638,87.687,0.0,ok
l1-062-my,2,barrier,2,ok,1,29198.194,1,1,1270.838,7.27,1171.487,90.515,90.822,0.0,ok
l1-065-my,2,barrier,2,ok,1,23830.379,3,1,1057.325,6.106,961.762,87.933,88.41,0.0,ok
l1-068-ph,2,barrier,2,ok,1,25594.309,1,1,913.947,6.241,786.395,119.606,119.648,0.0,ok
l1-070-ph,2,barrier,2,ok,1,20411.267,3,1,957.189,9.086,831.251,114.383,116.067,0.0,ok
l1-075-in,2,barrier,2,ok,1,22246.735,1,1,1149.802,8.786,1044.64,94.711,94.765,0.0,ok
l1-078-br,2,barrier,2,ok,1,19898.905,1,1,1348.407,5.134,1219.08,123.298,123.355,0.0,ok
l1-081-es,2,barrier,2,ok,1,29437.95,3,1,1189.552,6.036,969.242,212.002,212.084,0.0,ok
l1-082-es,2,barrier,2,ok,1,39944.64,5,1,1075.906,5.981,803.826,259.897,259.94,0.0,ok
l1-085-es,2,barrier,2,ok,1,24031.871,1,1,976.227,8.348,826.482,137.447,137.49,0.0,ok
l1-091-nl,2,barrier,2,ok,1,7962.051,0,0,,,,,,,
l1-092-nl,2,barrier,2,ok,1,7374.029,0,0,,,,,,,
l1-094-nl,2,barrier,2,ok,1,6255.958,0,0,,,,,,,
l1-095-nl,2,barrier,2,ok,1,8786.892,0,0,,,,,,,
l1-097-nz,2,barrier,2,ok,1,23620.658,3,1,1089.438,6.192,868.992,211.101,211.146,0.0,ok
l1-098-nz,2,barrier,2,ok,1,19261.346,1,1,1296.577,7.388,1170.971,116.707,116.75,0.0,ok
l2-001-jp-data-rights,2,barrier,2,ok,1,16026.22,1,1,1668.803,7.628,1300.084,359.922,359.963,0.0,ok
l2-002-jp-breach,2,barrier,2,ok,1,20123.237,3,1,1386.41,8.069,1162.544,214.968,215.01,0.0,ok
l2-003-jp-transfer,2,barrier,2,ok,1,13440.334,2,1,1287.523,8.857,935.114,341.899,341.943,0.0,ok
l2-010-us-worker,2,barrier,2,ok,1,16768.607,4,1,1234.021,8.567,1046.552,176.945,178.895,0.0,ok
l2-013-cn-transfer,2,barrier,2,ok,1,12221.926,1,1,1264.931,8.817,838.607,187.607,187.65,0.0,ok
l2-017-de-breach,2,barrier,2,ok,1,10511.793,2,1,1169.218,6.18,947.382,212.917,212.96,0.0,ok
l2-022-fr-breach,2,barrier,2,ok,1,16081.851,2,1,1222.849,6.457,999.767,212.053,212.096,0.0,ok
l2-024-fr-consumer,2,barrier,2,ok,1,13843.068,3,1,1289.489,5.968,1090.781,187.708,187.751,0.0,ok
l2-026-uk-data-rights,2,barrier,2,ok,1,18177.198,3,1,1388.855,6.268,1026.626,355.069,355.113,0.0,ok
l2-029-uk-consumer,2,barrier,2,ok,1,17990.85,2,1,1146.286,6.518,946.186,191.615,191.661,0.0,ok
l2-034-ca-consumer,2,barrier,2,ok,1,13796.127,1,1,1172.449,5.886,973.484,192.228,192.272,0.0,ok
l2-035-ca-worker,2,barrier,2,ok,1,12123.734,2,1,1158.51,5.883,977.386,173.668,173.717,0.0,ok
l2-036-au-data-rights,2,barrier,2,ok,1,22478.24,2,1,1172.958,6.569,943.917,220.79,220.831,0.0,ok
l2-038-au-transfer,2,barrier,2,ok,1,14816.998,2,1,1325.968,5.954,984.369,333.195,333.5,0.0,ok
l2-039-au-consumer,2,barrier,2,ok,1,19051.259,3,1,1028.607,6.557,832.73,188.001,188.045,0.0,ok
l2-040-au-worker,2,barrier,2,ok,1,15432.681,2,1,1097.364,5.864,921.068,169.164,170.692,0.0,ok
l2-045-sg-worker,2,barrier,2,ok,1,12424.888,1,1,1134.97,5.992,960.987,166.501,166.545,0.0,ok
l2-046-vn-data-rights,2,barrier,2,ok,1,19177.331,2,1,1210.928,6.638,980.032,222.483,222.745,0.0,ok
l2-047-vn-breach,2,barrier,2,ok,1,14057.805,5,1,1073.296,6.119,852.259,213.314,213.358,0.0,ok
l2-051-th-data-rights,2,barrier,2,ok,1,42799.803,1,1,1117.65,6.161,890.741,219.374,219.417,0.0,ok
l2-052-th-breach,2,barrier,2,ok,1,11240.291,2,1,1114.267,8.533,893.659,211.042,211.079,0.0,ok
l2-053-th-transfer,2,barrier,2,ok,1,11543.447,1,1,1251.954,6.96,914.48,328.65,328.699,0.0,ok
l2-054-th-consumer,2,barrier,2,ok,1,15692.394,2,1,958.474,6.323,758.659,192.408,192.46,0.0,ok
l2-055-th-worker,2,barrier,2,ok,1,11863.717,4,1,1030.87,5.899,857.479,166.21,166.261,0.0,ok
l2-056-id-data-rights,2,barrier,2,ok,1,14996.799,1,1,1577.761,17.555,1337.16,221.788,221.827,0.0,ok
l2-057-id-breach,2,barrier,2,ok,1,13661.269,2,1,1331.95,6.454,1110.513,213.969,214.012,0.0,ok
l2-060-id-worker,2,barrier,2,ok,1,26528.984,1,1,1472.371,6.521,1295.554,168.72,168.758,0.0,ok
l2-061-my-data-rights,2,barrier,2,ok,1,21523.152,1,1,1387.152,6.475,1022.298,356.799,356.849,0.0,ok
l2-064-my-consumer,2,barrier,2,ok,1,34061.806,4,1,1105.987,6.607,910.865,187.531,187.579,0.0,ok
l2-066-ph-data-rights,2,barrier,2,ok,1,13539.324,1,1,1107.69,6.025,881.562,218.826,218.871,0.0,ok
l2-067-ph-breach,2,barrier,2,ok,1,11653.121,2,1,1119.507,7.652,892.931,216.752,216.796,0.0,ok
l2-068-ph-transfer,2,barrier,2,ok,1,9687.445,1,1,1080.167,5.955,856.648,215.741,215.784,0.0,ok
l2-070-ph-worker,2,barrier,2,ok,1,24597.1,1,1,1033.85,6.613,834.778,190.679,190.721,0.0,ok
l2-071-in-data-rights,2,barrier,2,ok,1,17055.727,1,1,1163.022,6.138,937.724,216.847,216.888,0.0,ok
l2-072-in-breach,2,barrier,2,ok,1,19780.724,2,1,1058.396,6.962,834.584,214.588,214.626,0.0,ok
l2-073-in-transfer,2,barrier,2,ok,1,11235.034,2,1,1510.093,27.857,1144.247,336.126,336.286,0.0,ok
l2-081-es-data-rights,2,barrier,2,ok,1,17539.446,2,1,1200.921,6.075,887.119,306.149,306.189,0.0,ok
l2-082-es-breach,2,barrier,2,ok,1,13519.893,3,1,1114.548,6.671,896.493,209.82,209.861,0.0,ok
l2-083-es-transfer,2,barrier,2,ok,1,20239.837,2,1,1194.183,7.555,965.231,218.762,219.449,0.0,ok
l2-084-es-consumer,2,barrier,2,ok,1,20531.37,4,1,1057.158,6.213,835.603,212.85,213.177,0.0,ok
l2-085-es-worker,2,barrier,2,ok,1,13179.009,2,1,1108.517,5.847,911.585,189.265,189.304,0.0,ok
l2-086-it-data-rights,2,barrier,2,ok,1,2239.621,0,0,,,,,,,
l2-087-it-breach,2,barrier,2,ok,1,2901.82,0,0,,,,,,,
l2-088-it-transfer,2,barrier,2,ok,1,3225.221,0,0,,,,,,,
l2-089-it-consumer,2,barrier,2,ok,1,1628.318,0,0,,,,,,,
l2-090-it-worker,2,barrier,2,ok,1,1950.17,0,0,,,,,,,
l2-091-nl-data-rights,2,barrier,2,ok,1,1683.295,0,0,,,,,,,
l2-092-nl-breach,2,barrier,2,ok,1,1924.353,0,0,,,,,,,
l2-096-nz-data-rights,2,barrier,2,ok,1,15180.925,3,1,1555.932,13.589,1231.259,309.604,309.659,0.0,ok
l2-100-nz-worker,2,barrier,2,ok,1,13664.993,3,1,1325.672,13.376,1119.722,191.397,191.447,0.0,ok
l3-001-jp-transfer,2,barrier,2,ok,1,141905.59,2,2,1331.829,39.437,1073.311,217.427,217.522,0.0,ok
l3-002-jp-breach,2,barrier,2,ok,1,123486.44,3,2,1178.398,5.863,942.99,227.667,228.34,0.0,ok
l3-005-jp-worker-ai,2,barrier,2,ok,1,42142.62,4,2,1459.331,5.803,1254.644,198.044,198.09,0.0,ok
l3-007-us-breach,2,barrier,2,ok,1,57277.728,2,2,1291.029,14.179,1049.311,224.181,224.583,0.0,ok
l3-008-us-consumer,2,barrier,2,ok,1,24898.378,3,2,1489.192,6.887,1176.045,290.139,290.451,0.0,ok
l3-010-us-worker-ai,2,barrier,2,ok,1,46673.244,2,2,1393.082,15.918,1163.908,209.149,210.812,0.0,ok
l3-011-cn-transfer,2,barrier,2,ok,1,48243.494,3,2,1260.685,8.145,991.636,259.324,260.249,0.0,ok
l3-013-cn-consumer,2,barrier,2,ok,1,37984.808,2,2,1558.862,16.555,1256.452,284.057,284.099,0.0,ok
l3-014-cn-platform,2,barrier,2,ok,1,58240.341,3,2,1045.63,6.411,833.266,203.014,203.061,0.0,ok
l3-015-cn-worker-ai,2,barrier,2,ok,1,33698.129,2,2,1279.047,16.094,1069.036,192.71,192.757,0.0,ok
l3-016-de-transfer,2,barrier,2,ok,1,46807.969,2,2,1263.045,5.685,1039.367,214.506,214.552,0.0,ok
l3-018-de-consumer,2,barrier,2,ok,1,29704.762,6,2,1287.798,5.83,968.876,296.305,296.416,0.0,ok
l3-019-de-platform,2,barrier,2,ok,1,32878.446,7,2,1151.419,11.542,945.306,191.061,191.102,0.0,ok
l3-020-de-worker-ai,2,barrier,2,ok,1,38517.927,2,2,1142.732,14.67,940.711,186.251,186.295,0.0,ok
l3-023-fr-consumer,2,barrier,2,ok,1,55171.755,3,2,1504.445,11.164,1190.251,297.826,297.866,0.0,ok
l3-025-fr-worker-ai,2,barrier,2,ok,1,61894.095,3,2,1173.408,10.678,970.113,189.792,189.839,0.0,ok
l3-026-uk-transfer,2,barrier,2,ok,1,38563.94,3,2,1478.438,11.059,1236.519,219.181,219.729,0.0,ok
l3-028-uk-consumer,2,barrier,2,ok,1,40386.678,3,2,1343.609,6.889,1048.425,287.012,287.054,0.0,ok
l3-030-uk-worker-ai,2,barrier,2,ok,1,33948.302,3,2,1252.536,10.582,1049.236,190.237,190.281,0.0,ok
l3-032-ca-breach,2,barrier,2,ok,1,29721.865,7,2,1142.315,20.404,898.14,222.196,222.246,0.0,ok
l3-033-ca-consumer,2,barrier,2,ok,1,29421.368,2,2,1371.894,6.192,1074.31,285.962,286.014,0.0,ok
l3-037-au-breach,2,barrier,2,ok,1,47769.35,2,2,1219.556,10.929,984.726,222.989,223.055,0.0,ok
l3-039-au-platform,2,barrier,2,ok,1,59760.81,2,2,1185.182,15.55,975.354,191.591,191.655,0.0,ok
l3-041-sg-transfer,2,barrier,2,ok,1,71711.506,2,2,1176.038,13.043,945.382,214.291,214.385,0.0,ok
l3-043-sg-consumer,2,barrier,2,ok,1,33382.695,3,2,1306.676,10.96,1003.33,289.492,289.786,0.0,ok
l3-045-sg-worker-ai,2,barrier,2,ok,1,2137.493,0,0,,,,,,,
l3-046-vn-transfer,2,barrier,2,ok,1,43954.47,3,2,1177.667,8.694,950.764,216.442,216.48,0.0,ok
l3-047-vn-breach,2,barrier,2,ok,1,38289.469,2,2,1092.186,10.967,872.3,207.409,207.452,0.0,ok
l3-053-th-consumer,2,barrier,2,ok,1,42173.798,2,2,1234.914,6.383,940.165,287.017,287.058,0.0,ok
l3-054-th-platform,2,barrier,2,ok,1,2375.919,0,0,,,,,,,
l3-056-id-transfer,2,barrier,2,ok,1,39854.356,2,2,1394.076,10.44,1176.428,205.58,205.658,0.0,ok
l3-057-id-breach,2,barrier,2,ok,1,34553.411,3,2,1387.902,7.393,1161.063,217.247,217.335,0.0,ok
l3-058-id-consumer,2,barrier,2,ok,1,29601.034,2,2,1224.593,9.254,1003.098,210.177,210.222,0.0,ok
l3-059-id-platform,2,barrier,2,ok,1,3555.085,0,0,,,,,,,
l3-062-my-breach,2,barrier,2,ok,1,38707.642,1,2,1706.023,17.297,1479.582,207.599,207.969,0.0,ok
l3-063-my-consumer,2,barrier,2,ok,1,2209.874,0,0,,,,,,,
l3-065-my-worker-ai,2,barrier,2,ok,1,68541.579,3,2,1179.119,14.361,969.567,192.75,193.053,0.0,ok
l3-066-ph-transfer,2,barrier,2,ok,1,68277.872,2,2,1321.143,11.287,1092.189,215.65,215.695,0.0,ok
l3-067-ph-breach,2,barrier,2,ok,1,44491.599,2,2,1291.302,20.881,1054.159,212.715,213.807,0.0,ok
l3-072-in-breach,2,barrier,2,ok,1,2605.548,0,0,,,,,,,
l3-073-in-consumer,2,barrier,2,ok,1,29355.726,3,2,1355.431,11.19,1125.126,211.02,211.069,0.0,ok
l3-075-in-worker-ai,2,barrier,2,ok,1,33136.668,2,2,1204.912,13.233,998.994,191.558,191.603,0.0,ok
l3-078-br-consumer,2,barrier,2,ok,1,47164.053,2,2,1189.818,14.923,886.016,287.705,287.752,0.0,ok
l3-079-br-platform,2,barrier,2,ok,1,44173.389,2,2,1123.832,16.769,891.377,214.961,215.015,0.0,ok
l3-081-es-transfer,2,barrier,2,ok,1,2401.273,0,0,,,,,,,
l3-082-es-breach,2,barrier,2,ok,1,111838.993,2,2,1253.98,11.625,1021.978,217.117,217.16,0.0,ok
l3-088-it-consumer,2,barrier,2,ok,1,2936.572,0,0,,,,,,,
l3-092-nl-breach,2,barrier,2,ok,1,3032.423,0,0,,,,,,,
l3-098-nz-consumer,2,barrier,2,ok,1,21707.589,3,2,1331.002,11.822,1101.566,210.062,210.106,0.0,ok
l3-100-nz-worker-ai,2,barrier,2,ok,1,124701.501,4,2,1411.515,13.587,1185.702,208.219,208.271,0.0,ok
l4-001-jp-digital-platform,2,barrier,2,ok,1,20352.671,3,1,1135.907,6.535,923.218,204.503,204.54,0.0,ok
l4-004-jp-fintech,2,barrier,2,ok,1,12943.293,4,1,1651.213,6.118,1436.992,207.014,207.062,0.0,ok
l4-008-us-online-sales,2,barrier,2,ok,1,21849.026,3,1,1275.765,7.878,1042.234,224.348,224.389,0.0,ok
l4-009-us-fintech,2,barrier,2,ok,1,20221.078,6,1,1659.053,5.982,1431.357,216.546,216.598,0.0,ok
l4-012-cn-automated-hiring,2,barrier,2,ok,1,21357.819,5,1,1350.625,6.825,1089.226,253.329,253.368,0.0,ok
l4-015-cn-manufacturer,2,barrier,2,ok,1,16055.123,6,1,1280.23,6.348,1042.741,230.131,230.191,0.0,ok
l4-016-de-digital-platform,2,barrier,2,ok,1,17965.223,3,1,1363.569,6.123,1128.551,226.793,226.838,0.0,ok
l4-020-de-manufacturer,2,barrier,2,ok,1,16537.559,6,1,1297.577,6.259,1067.331,221.983,222.032,0.0,ok
l4-021-fr-digital-platform,2,barrier,2,ok,1,70332.024,2,1,1255.678,6.924,1019.373,225.777,225.823,0.0,ok
l4-022-fr-automated-hiring,2,barrier,2,ok,1,18528.454,4,1,1592.42,7.461,1357.872,223.977,224.067,0.0,ok
l4-023-fr-online-sales,2,barrier,2,ok,1,20773.385,4,1,1388.415,6.2,1160.093,219.507,219.871,0.0,ok
l4-024-fr-fintech,2,barrier,2,ok,1,21598.602,2,1,1277.429,6.213,1068.177,196.571,196.611,0.0,ok
l4-027-uk-automated-hiring,2,barrier,2,ok,1,15169.516,2,1,1277.283,6.039,1050.376,219.597,219.643,0.0,ok
l4-029-uk-fintech,2,barrier,2,ok,1,26659.612,3,1,1486.481,7.675,1277.165,198.594,198.641,0.0,ok
l4-032-ca-automated-hiring,2,barrier,2,ok,1,43071.821,4,1,1544.246,6.525,1294.818,240.84,240.883,0.0,ok
l4-034-ca-fintech,2,barrier,2,ok,1,16346.024,2,1,1571.058,8.642,1351.718,204.019,204.684,0.0,ok
l4-036-au-digital-platform,2,barrier,2,ok,1,18392.795,3,1,1627.304,5.907,1398.967,220.399,220.441,0.0,ok
l4-038-au-online-sales,2,barrier,2,ok,1,23789.313,2,1,1292.817,6.296,1064.364,220.713,220.753,0.0,ok
l4-039-au-fintech,2,barrier,2,ok,1,23345.111,3,1,1335.064,6.065,1130.633,196.421,196.705,0.0,ok
l4-040-au-manufacturer,2,barrier,2,ok,1,22379.26,4,1,1307.616,6.298,1081.378,218.907,218.949,0.0,ok
l4-044-sg-fintech,2,barrier,2,ok,1,26948.729,3,1,1833.188,6.082,1620.189,195.486,195.528,0.0,ok
l4-045-sg-manufacturer,2,barrier,2,ok,1,48448.234,3,1,1606.953,7.842,1370.881,227.261,227.544,0.0,ok
l4-051-th-digital-platform,2,barrier,2,ok,1,24184.974,1,1,1252.014,8.264,1012.048,229.87,230.51,0.0,ok
l4-054-th-fintech,2,barrier,2,ok,1,12957.711,3,1,1147.71,7.264,940.315,199.256,199.411,0.0,ok
l4-055-th-manufacturer,2,barrier,2,ok,1,16634.45,6,1,1177.812,7.774,947.698,221.011,221.289,0.0,ok
l4-058-id-online-sales,2,barrier,2,ok,1,20532.696,4,1,1500.571,7.879,1269.656,220.846,221.825,0.0,ok
l4-059-id-fintech,2,barrier,2,ok,1,20680.508,4,1,1435.36,7.197,1225.573,200.411,200.451,0.0,ok
l4-063-my-online-sales,2,barrier,2,ok,1,32168.928,3,1,1285.335,6.21,1057.784,220.107,220.389,0.0,ok
l4-065-my-manufacturer,2,barrier,2,ok,1,16461.159,2,1,1304.974,6.378,1074.759,222.88,223.044,0.0,ok
l4-067-ph-automated-hiring,2,barrier,2,ok,1,23565.803,4,1,1263.218,7.104,1010.212,244.782,244.826,0.0,ok
l4-069-ph-fintech,2,barrier,2,ok,1,15494.0,4,1,1177.697,6.727,970.111,199.587,199.627,0.0,ok
l4-070-ph-manufacturer,2,barrier,2,ok,1,23053.124,9,1,1261.705,7.836,1033.055,219.653,219.696,0.0,ok
l4-071-in-digital-platform,2,barrier,2,ok,1,27426.47,2,1,1141.317,6.356,906.155,226.728,226.774,0.0,ok
l4-072-in-automated-hiring,2,barrier,2,ok,1,26923.718,6,1,1238.655,6.671,986.531,243.993,244.038,0.0,ok
l4-075-in-manufacturer,2,barrier,2,ok,1,16778.016,3,1,1093.893,6.738,854.998,231.109,231.155,0.0,ok
l4-080-br-manufacturer,2,barrier,2,ok,1,17382.68,4,1,1318.74,6.419,1093.579,217.511,217.56,0.0,ok
l4-081-es-digital-platform,2,barrier,2,ok,1,19823.937,2,1,1169.392,7.854,938.603,221.202,221.37,0.0,ok
l4-082-es-automated-hiring,2,barrier,2,ok,1,15323.052,1,1,1371.567,10.897,1133.905,223.102,224.071,0.0,ok
l4-083-es-online-sales,2,barrier,2,ok,1,18166.953,2,1,1216.767,5.931,1018.417,190.679,190.745,0.0,ok
l4-088-it-online-sales,2,barrier,2,ok,1,4649.246,0,0,,,,,,,
l4-089-it-fintech,2,barrier,2,ok,1,2275.102,0,0,,,,,,,
l4-090-it-manufacturer,2,barrier,2,ok,1,2190.419,0,0,,,,,,,
l4-092-nl-automated-hiring,2,barrier,2,ok,1,2017.867,0,0,,,,,,,
l4-093-nl-online-sales,2,barrier,2,ok,1,1973.016,0,0,,,,,,,
l4-094-nl-fintech,2,barrier,2,ok,1,3711.757,0,0,,,,,,,
l4-095-nl-manufacturer,2,barrier,2,ok,1,1996.833,0,0,,,,,,,
l4-096-nz-digital-platform,2,barrier,2,ok,1,18582.951,3,1,1504.422,6.265,1273.138,223.904,223.957,0.0,ok
l4-097-nz-automated-hiring,2,barrier,2,ok,1,19231.256,4,1,1308.025,6.165,1061.708,239.012,239.082,0.0,ok
l4-099-nz-fintech,2,barrier,2,ok,1,15285.411,2,1,1463.188,6.765,1259.865,194.83,194.872,0.0,ok
l4-100-nz-manufacturer,2,barrier,2,ok,1,18314.093,3,1,1564.431,9.925,1327.455,225.737,225.798,0.0,ok
l1-001-jp,2,ready,1,ok,1,26147.514,5,1,1394.777,6.691,0.004,97.661,0.01,97.661,ok
l1-002-jp,2,ready,1,ok,1,69676.84,2,1,907.197,7.869,0.003,96.472,0.006,96.472,ok
l1-003-jp,2,ready,1,ok,1,21940.655,1,1,1845.606,7.231,0.003,117.573,0.006,117.573,ok
l1-005-jp,2,ready,1,ok,1,26505.969,4,1,707.05,6.194,0.004,4.707,0.01,4.707,ok
l1-010-us,2,ready,1,ok,1,22507.776,2,1,736.171,5.238,0.003,89.956,0.008,89.956,ok
l1-012-cn,2,ready,1,ok,1,19579.241,2,1,761.468,6.631,0.005,95.728,0.01,95.728,ok
l1-013-cn,2,ready,1,ok,1,18640.261,1,1,778.658,6.175,0.005,92.629,0.008,92.629,ok
l1-018-de,2,ready,1,ok,1,22505.805,5,1,1655.23,6.385,0.004,95.274,0.006,95.274,ok
l1-019-de,2,ready,1,ok,1,11466.695,1,1,817.347,7.728,0.004,113.531,0.008,113.531,ok
l1-023-fr,2,ready,1,ok,1,31292.237,1,1,771.75,6.048,0.004,120.119,0.008,120.119,ok
l1-024-fr,2,ready,1,ok,1,29014.492,3,1,880.888,6.066,0.005,113.223,0.01,113.223,ok
l1-025-fr,2,ready,1,ok,1,23087.94,4,1,792.481,5.998,0.004,96.718,0.007,96.718,ok
l1-027-uk,2,ready,1,ok,1,17912.455,2,1,821.041,9.023,0.004,91.004,0.011,91.004,ok
l1-031-ca,2,ready,1,ok,1,21331.319,4,1,699.042,5.825,0.003,89.084,0.008,89.084,ok
l1-032-ca,2,ready,1,ok,1,23614.398,1,1,866.996,6.697,0.003,112.231,0.006,112.231,ok
l1-033-ca,2,ready,1,ok,1,17971.29,3,1,664.09,6.16,0.005,89.876,0.009,89.876,ok
l1-035-ca,2,ready,1,ok,1,15725.947,1,1,798.213,6.232,0.006,90.659,0.011,90.659,ok
l1-036-au,2,ready,1,ok,1,15085.076,5,1,748.605,7.575,0.005,91.599,0.007,91.599,ok
l1-037-au,2,ready,1,ok,1,22554.019,2,1,621.452,5.921,0.004,95.115,0.011,95.115,ok
l1-038-au,2,ready,1,ok,1,24200.458,5,1,858.743,6.911,0.003,67.883,0.007,67.883,ok
l1-039-au,2,ready,1,ok,1,24342.13,1,1,828.256,9.078,0.004,96.45,0.006,96.45,ok
l1-040-au,2,ready,1,ok,1,16979.134,3,1,877.073,5.965,0.004,86.755,0.008,86.755,ok
l1-041-sg,2,ready,1,ok,1,32824.751,1,1,852.887,6.18,0.004,92.281,0.009,92.281,ok
l1-042-sg,2,ready,1,ok,1,28373.092,2,1,3947.244,7.626,0.005,90.483,0.006,90.483,ok
l1-044-sg,2,ready,1,ok,1,25692.299,3,1,3037.663,6.061,0.005,90.164,0.011,90.164,ok
l1-046-vn,2,ready,1,ok,1,22231.318,1,1,819.564,5.98,0.003,5.081,0.011,5.081,ok
l1-049-vn,2,ready,1,ok,1,27066.388,2,1,783.659,5.876,0.005,87.462,0.01,87.462,ok
l1-050-vn,2,ready,1,ok,1,25888.66,4,1,895.747,5.981,0.004,3.69,0.009,3.69,ok
l1-051-th,2,ready,1,ok,1,28289.619,1,1,794.649,5.847,0.004,89.688,0.007,89.688,ok
l1-052-th,2,ready,1,ok,1,35890.454,1,1,834.997,5.717,0.004,90.54,0.009,90.54,ok
l1-053-th,2,ready,1,ok,1,15034.194,1,1,726.444,8.396,0.005,91.65,0.009,91.65,ok
l1-054-th,2,ready,1,ok,1,17338.544,2,1,835.255,7.309,0.004,5.082,0.009,5.082,ok
l1-055-th,2,ready,1,ok,1,18610.589,2,1,798.721,6.116,0.004,86.712,0.012,86.712,ok
l1-059-id,2,ready,1,ok,1,35552.064,1,1,1135.869,6.257,0.005,95.601,0.009,95.601,ok
l1-060-id,2,ready,1,ok,1,16886.714,3,1,844.421,5.847,0.005,87.011,0.007,87.011,ok
l1-062-my,2,ready,1,ok,1,13930.095,1,1,943.718,6.363,0.005,91.564,0.011,91.564,ok
l1-065-my,2,ready,1,ok,1,20551.142,3,1,898.945,6.678,0.005,88.175,0.005,88.175,ok
l1-068-ph,2,ready,1,ok,1,27834.541,1,1,827.596,7.025,0.004,117.725,0.01,117.725,ok
l1-070-ph,2,ready,1,ok,1,22158.139,3,1,799.848,7.488,0.003,114.976,0.007,114.976,ok
l1-075-in,2,ready,1,ok,1,18147.002,1,1,1073.89,6.29,0.004,88.453,0.008,88.453,ok
l1-078-br,2,ready,1,ok,1,16135.717,1,1,987.071,2.546,0.004,122.813,0.006,122.813,ok
l1-081-es,2,ready,1,ok,1,18819.497,3,1,852.026,6.109,0.003,215.649,0.008,215.649,ok
l1-082-es,2,ready,1,ok,1,19425.283,5,1,870.063,7.769,0.005,256.096,0.011,256.096,ok
l1-085-es,2,ready,1,ok,1,38432.974,1,1,754.358,8.328,0.003,143.446,0.008,143.446,ok
l1-091-nl,2,ready,1,ok,1,6104.611,0,0,,,,,,,
l1-092-nl,2,ready,1,ok,1,6011.928,0,0,,,,,,,
l1-094-nl,2,ready,1,ok,1,5724.868,0,0,,,,,,,
l1-095-nl,2,ready,1,ok,1,8040.227,0,0,,,,,,,
l1-097-nz,2,ready,1,ok,1,20658.247,3,1,748.274,6.522,0.004,212.074,0.011,212.074,ok
l1-098-nz,2,ready,1,ok,1,21767.345,1,1,974.74,5.99,0.005,124.534,0.01,124.534,ok
l2-001-jp-data-rights,2,ready,1,ok,1,24462.985,1,1,995.538,6.046,0.005,365.16,0.006,365.16,ok
l2-002-jp-breach,2,ready,1,ok,1,18793.458,3,1,1061.896,5.812,0.004,217.618,0.008,217.618,ok
l2-003-jp-transfer,2,ready,1,ok,1,16550.007,2,1,973.058,6.235,0.004,335.851,0.008,335.851,ok
l2-010-us-worker,2,ready,1,ok,1,12325.64,2,1,958.371,5.937,0.004,170.052,0.01,170.052,ok
l2-013-cn-transfer,2,ready,1,ok,1,12745.597,1,1,1105.355,9.025,0.004,192.674,0.008,192.674,ok
l2-017-de-breach,2,ready,1,ok,1,9594.853,2,1,987.773,9.373,0.005,211.166,0.006,211.166,ok
l2-022-fr-breach,2,ready,1,ok,1,21984.465,2,1,1043.257,6.33,0.004,209.234,0.005,209.234,ok
l2-024-fr-consumer,2,ready,1,ok,1,16945.114,3,1,1059.517,6.46,0.005,187.964,0.013,187.964,ok
l2-026-uk-data-rights,2,ready,1,ok,1,21838.599,3,1,984.501,6.499,0.005,356.183,0.009,356.183,ok
l2-029-uk-consumer,2,ready,1,ok,1,16391.393,2,1,1030.505,6.271,0.005,189.454,0.009,189.454,ok
l2-034-ca-consumer,2,ready,1,ok,1,13859.944,1,1,1063.113,6.39,0.005,185.809,0.008,185.809,ok
l2-035-ca-worker,2,ready,1,ok,1,11528.163,2,1,876.77,5.971,0.004,183.852,0.01,183.852,ok
l2-036-au-data-rights,2,ready,1,ok,1,21031.026,2,1,937.8,5.948,0.003,217.394,0.007,217.394,ok
l2-038-au-transfer,2,ready,1,ok,1,11243.379,2,1,1027.997,6.37,0.004,330.597,0.009,330.597,ok
l2-039-au-consumer,2,ready,1,ok,1,16538.548,3,1,845.71,6.613,0.004,187.663,0.008,187.663,ok
l2-040-au-worker,2,ready,1,ok,1,12595.548,2,1,870.18,5.922,0.005,164.725,0.006,164.725,ok
l2-045-sg-worker,2,ready,1,ok,1,12072.115,1,1,1019.294,7.753,0.005,170.492,0.005,170.492,ok
l2-046-vn-data-rights,2,ready,1,ok,1,12608.88,2,1,849.022,5.781,0.003,229.074,0.009,229.074,ok
l2-047-vn-breach,2,ready,1,ok,1,17113.806,4,1,854.2,6.408,0.005,210.386,0.01,210.386,ok
l2-051-th-data-rights,2,ready,1,ok,1,21052.856,1,1,840.711,6.251,0.004,216.324,0.009,216.324,ok
l2-052-th-breach,2,ready,1,ok,1,9636.146,2,1,837.003,7.752,0.005,210.734,0.006,210.734,ok
l2-053-th-transfer,2,ready,1,ok,1,10547.255,1,1,788.406,6.46,0.005,335.244,0.008,335.244,ok
l2-054-th-consumer,2,ready,1,ok,1,14074.073,2,1,858.878,6.108,0.004,190.379,0.008,190.379,ok
l2-055-th-worker,2,ready,1,ok,1,12853.879,4,1,975.128,7.452,0.004,168.996,0.012,168.996,ok
l2-056-id-data-rights,2,ready,1,ok,1,11907.836,1,1,1312.012,6.05,0.003,228.895,0.009,228.895,ok
l2-057-id-breach,2,ready,1,ok,1,11541.695,2,1,1163.942,6.127,0.004,213.897,0.009,213.897,ok
l2-060-id-worker,2,ready,1,ok,1,26090.761,1,1,1266.639,6.432,0.005,170.423,0.007,170.423,ok
l2-061-my-data-rights,2,ready,1,ok,1,25008.924,1,1,1245.337,5.647,0.004,352.428,0.009,352.428,ok
l2-064-my-consumer,2,ready,1,ok,1,14448.654,4,1,1073.932,6.072,0.004,188.698,0.007,188.698,ok
l2-066-ph-data-rights,2,ready,1,ok,1,12349.27,1,1,890.448,6.418,0.005,224.433,0.009,224.433,ok
l2-067-ph-breach,2,ready,1,ok,1,13523.139,2,1,949.269,18.356,0.015,225.624,0.01,225.624,ok
l2-068-ph-transfer,2,ready,1,ok,1,10133.121,1,1,844.953,6.735,0.005,219.726,0.009,219.726,ok
l2-070-ph-worker,2,ready,1,ok,1,18539.948,1,1,924.562,6.154,0.004,194.923,0.005,194.923,ok
l2-071-in-data-rights,2,ready,1,ok,1,19103.293,1,1,1114.882,12.508,0.003,224.954,0.012,224.954,ok
l2-072-in-breach,2,ready,1,ok,1,15738.305,3,1,1154.669,7.215,0.005,209.62,0.006,209.62,ok
l2-073-in-transfer,2,ready,1,ok,1,11069.396,2,1,1149.124,6.213,0.004,332.751,0.01,332.751,ok
l2-081-es-data-rights,2,ready,1,ok,1,19982.634,2,1,1048.385,7.796,0.003,306.877,0.008,306.877,ok
l2-082-es-breach,2,ready,1,ok,1,13385.867,3,1,914.089,8.624,0.005,210.532,0.005,210.532,ok
l2-083-es-transfer,2,ready,1,ok,1,24040.686,2,1,874.002,5.907,0.004,214.329,0.007,214.329,ok
l2-084-es-consumer,2,ready,1,ok,1,17515.648,4,1,924.453,8.25,0.003,213.833,0.005,213.833,ok
l2-085-es-worker,2,ready,1,ok,1,10628.16,2,1,855.197,6.306,0.004,191.92,0.01,191.92,ok
l2-086-it-data-rights,2,ready,1,ok,1,1824.127,0,0,,,,,,,
l2-087-it-breach,2,ready,1,ok,1,4560.638,0,0,,,,,,,
l2-088-it-transfer,2,ready,1,ok,1,2416.494,0,0,,,,,,,
l2-089-it-consumer,2,ready,1,ok,1,2329.272,0,0,,,,,,,
l2-090-it-worker,2,ready,1,ok,1,1909.547,0,0,,,,,,,
l2-091-nl-data-rights,2,ready,1,ok,1,1717.242,0,0,,,,,,,
l2-092-nl-breach,2,ready,1,ok,1,1781.658,0,0,,,,,,,
l2-096-nz-data-rights,2,ready,1,ok,1,13241.039,3,1,1211.784,5.737,0.004,355.885,0.008,355.885,ok
l2-100-nz-worker,2,ready,1,ok,1,10813.273,3,1,1078.425,7.779,0.003,189.515,0.008,189.515,ok
l3-001-jp-transfer,2,ready,1,ok,1,132447.831,2,2,1043.883,12.38,0.001,232.091,0.007,232.091,ok
l3-002-jp-breach,2,ready,1,ok,1,130817.545,4,2,929.796,6.298,0.004,217.347,0.009,217.347,ok
l3-005-jp-worker-ai,2,ready,1,ok,1,40733.895,4,2,1013.212,5.916,0.005,219.8,0.008,219.8,ok
l3-007-us-breach,2,ready,1,ok,1,33750.869,1,2,1134.504,14.779,0.004,247.248,0.01,247.248,ok
l3-008-us-consumer,2,ready,1,ok,1,24166.484,3,2,1072.392,9.114,0.005,301.63,0.01,301.63,ok
l3-010-us-worker-ai,2,ready,1,ok,1,36607.077,2,2,1119.934,13.01,0.004,210.803,0.009,210.803,ok
l3-011-cn-transfer,2,ready,1,ok,1,52028.014,3,2,938.218,12.172,0.004,220.717,0.01,220.717,ok
l3-013-cn-consumer,2,ready,1,ok,1,39774.479,2,2,963.771,7.73,0.005,298.094,0.006,298.094,ok
l3-014-cn-platform,2,ready,1,ok,1,44662.789,3,2,868.37,12.24,0.005,197.487,0.011,197.487,ok
l3-015-cn-worker-ai,2,ready,1,ok,1,33928.168,2,2,1110.389,13.653,0.004,217.038,0.009,217.038,ok
l3-016-de-transfer,2,ready,1,ok,1,45452.831,2,2,1376.19,6.961,0.003,281.085,0.009,281.085,ok
l3-018-de-consumer,2,ready,1,ok,1,25491.563,6,2,1196.881,6.207,0.004,304.263,0.008,304.263,ok
l3-019-de-platform,2,ready,1,ok,1,150272.153,7,2,1063.176,10.603,0.003,199.21,0.008,199.21,ok
l3-020-de-worker-ai,2,ready,1,ok,1,34142.025,2,2,988.218,12.527,0.003,197.99,0.008,197.99,ok
l3-023-fr-consumer,2,ready,1,ok,1,70515.941,3,2,1303.547,11.129,0.001,164.626,0.009,164.626,ok
l3-025-fr-worker-ai,2,ready,1,ok,1,47698.981,3,2,1013.998,11.689,0.003,197.437,0.007,197.437,ok
l3-026-uk-transfer,2,ready,1,ok,1,38296.266,3,2,1129.931,7.356,0.004,222.962,0.01,222.962,ok
l3-028-uk-consumer,2,ready,1,ok,1,36462.958,3,2,979.383,11.418,0.003,292.961,0.011,292.961,ok
l3-030-uk-worker-ai,2,ready,1,ok,1,42100.077,4,2,1199.972,11.129,0.004,198.894,0.01,198.894,ok
l3-032-ca-breach,2,ready,1,ok,1,25591.954,6,2,833.362,6.169,0.004,232.642,0.011,232.642,ok
l3-033-ca-consumer,2,ready,1,ok,1,29408.606,2,2,1061.077,5.779,0.004,288.097,0.007,288.097,ok
l3-037-au-breach,2,ready,1,ok,1,48097.989,2,2,957.999,12.039,0.004,223.435,0.009,223.435,ok
l3-039-au-platform,2,ready,1,ok,1,49244.349,2,2,1056.448,10.261,0.003,197.865,0.011,197.865,ok
l3-041-sg-transfer,2,ready,1,ok,1,70029.242,2,2,1158.533,11.447,0.004,218.905,0.008,218.905,ok
l3-043-sg-consumer,2,ready,1,ok,1,34921.629,3,2,801.657,6.938,0.003,231.028,0.007,231.028,ok
l3-045-sg-worker-ai,2,ready,1,ok,1,2051.908,0,0,,,,,,,
l3-046-vn-transfer,2,ready,1,ok,1,54814.254,3,2,1051.407,7.56,0.004,211.274,0.007,211.274,ok
l3-047-vn-breach,2,ready,1,ok,1,52150.197,4,2,1127.273,6.128,0.004,211.993,0.009,211.993,ok
l3-053-th-consumer,2,ready,1,ok,1,41327.811,2,2,998.817,10.985,0.003,300.672,0.01,300.672,ok
l3-054-th-platform,2,ready,1,ok,1,2597.116,0,0,,,,,,,
l3-056-id-transfer,2,ready,1,ok,1,41421.898,2,2,1202.453,7.52,0.005,216.89,0.016,216.89,ok
l3-057-id-breach,2,ready,1,ok,1,38332.247,3,2,1093.889,5.918,0.004,216.597,0.007,216.597,ok
l3-058-id-consumer,2,ready,1,ok,1,32084.823,2,2,1033.745,9.184,0.004,220.469,0.009,220.469,ok
l3-059-id-platform,2,ready,1,ok,1,2127.691,0,0,,,,,,,
l3-062-my-breach,2,ready,1,ok,1,30530.711,1,2,1137.039,15.763,0.003,220.191,0.008,220.191,ok
l3-063-my-consumer,2,ready,1,ok,1,2217.0,0,0,,,,,,,
l3-065-my-worker-ai,2,ready,1,ok,1,62282.172,2,2,1117.774,13.424,0.005,207.755,0.009,207.755,ok
l3-066-ph-transfer,2,ready,1,ok,1,57038.34,3,2,1205.41,6.148,0.003,229.879,0.01,229.879,ok
l3-067-ph-breach,2,ready,1,ok,1,41197.471,2,2,1079.296,11.214,0.003,218.854,0.007,218.854,ok
l3-072-in-breach,2,ready,1,ok,1,2607.563,0,0,,,,,,,
l3-073-in-consumer,2,ready,1,ok,1,32701.14,3,2,998.443,6.331,0.004,288.351,0.012,288.351,ok
l3-075-in-worker-ai,2,ready,1,ok,1,42056.94,3,2,982.996,11.415,0.001,200.353,0.008,200.353,ok
l3-078-br-consumer,2,ready,1,ok,1,51093.625,2,2,1282.055,7.316,0.003,164.658,0.012,164.658,ok
l3-079-br-platform,2,ready,1,ok,1,38899.322,2,2,819.103,10.132,0.003,209.67,0.01,209.67,ok
l3-081-es-transfer,2,ready,1,ok,1,1920.119,0,0,,,,,,,
l3-082-es-breach,2,ready,1,ok,1,112052.735,2,2,1301.892,11.718,0.001,271.013,0.008,271.013,ok
l3-088-it-consumer,2,ready,1,ok,1,3279.742,0,0,,,,,,,
l3-092-nl-breach,2,ready,1,ok,1,4333.211,0,0,,,,,,,
l3-098-nz-consumer,2,ready,1,ok,1,25847.952,3,2,1057.732,11.033,0.004,215.917,0.008,215.917,ok
l3-100-nz-worker-ai,2,ready,1,ok,1,52111.885,5,2,1326.704,5.579,0.004,230.425,0.01,230.425,ok
l4-001-jp-digital-platform,2,ready,1,ok,1,20946.351,3,1,959.094,6.027,0.004,211.904,0.012,211.904,ok
l4-004-jp-fintech,2,ready,1,ok,1,15350.461,3,1,1205.815,6.231,0.004,201.756,0.01,201.756,ok
l4-008-us-online-sales,2,ready,1,ok,1,26482.855,3,1,1141.667,5.983,0.004,227.023,0.011,227.023,ok
l4-009-us-fintech,2,ready,1,ok,1,18186.645,6,1,1992.819,9.95,0.003,270.811,0.01,270.811,ok
l4-012-cn-automated-hiring,2,ready,1,ok,1,22992.703,5,1,1034.988,7.907,0.006,269.923,0.01,269.923,ok
l4-015-cn-manufacturer,2,ready,1,ok,1,16016.624,6,1,1064.66,5.958,0.005,229.996,0.007,229.996,ok
l4-016-de-digital-platform,2,ready,1,ok,1,18729.012,3,1,1116.837,7.432,0.005,229.418,0.009,229.418,ok
l4-020-de-manufacturer,2,ready,1,ok,1,12537.226,5,1,894.296,10.484,0.005,224.456,0.009,224.456,ok
l4-021-fr-digital-platform,2,ready,1,ok,1,24046.329,2,1,1055.648,6.303,0.005,222.424,0.009,222.424,ok
l4-022-fr-automated-hiring,2,ready,1,ok,1,16041.492,4,1,1088.886,7.543,0.003,220.422,0.007,220.422,ok
l4-023-fr-online-sales,2,ready,1,ok,1,16278.801,4,1,1234.922,6.2,0.005,220.644,0.005,220.644,ok
l4-024-fr-fintech,2,ready,1,ok,1,19910.52,2,1,1142.384,6.043,0.005,196.655,0.009,196.655,ok
l4-027-uk-automated-hiring,2,ready,1,ok,1,13821.921,2,1,1124.928,7.417,0.004,215.741,0.008,215.741,ok
l4-029-uk-fintech,2,ready,1,ok,1,25137.924,3,1,1360.752,5.767,0.004,199.438,0.011,199.438,ok
l4-032-ca-automated-hiring,2,ready,1,ok,1,22197.036,4,1,1397.092,8.222,0.005,252.092,0.006,252.092,ok
l4-034-ca-fintech,2,ready,1,ok,1,19449.952,2,1,1537.314,6.752,0.004,196.798,0.008,196.798,ok
l4-036-au-digital-platform,2,ready,1,ok,1,22509.497,3,1,1098.392,5.898,0.003,225.336,0.012,225.336,ok
l4-038-au-online-sales,2,ready,1,ok,1,14399.608,1,1,1071.975,6.695,0.005,215.825,0.008,215.825,ok
l4-039-au-fintech,2,ready,1,ok,1,28398.023,3,1,1220.261,6.101,0.006,196.33,0.008,196.33,ok
l4-040-au-manufacturer,2,ready,1,ok,1,19229.242,4,1,1045.433,8.2,0.004,221.206,0.007,221.206,ok
l4-044-sg-fintech,2,ready,1,ok,1,28086.151,4,1,1697.796,10.318,0.004,199.265,0.007,199.265,ok
l4-045-sg-manufacturer,2,ready,1,ok,1,34271.625,3,1,1549.351,7.697,0.003,243.423,0.007,243.423,ok
l4-051-th-digital-platform,2,ready,1,ok,1,18983.452,1,1,1082.38,5.912,0.004,223.406,0.007,223.406,ok
l4-054-th-fintech,2,ready,1,ok,1,15018.081,3,1,1134.455,9.675,0.005,201.595,0.005,201.595,ok
l4-055-th-manufacturer,2,ready,1,ok,1,19920.641,6,1,928.778,6.146,0.005,222.358,0.01,222.358,ok
l4-058-id-online-sales,2,ready,1,ok,1,20524.759,4,1,1382.241,8.355,0.005,227.221,0.006,227.221,ok
l4-059-id-fintech,2,ready,1,ok,1,20569.312,4,1,1345.049,8.961,0.003,198.415,0.005,198.415,ok
l4-063-my-online-sales,2,ready,1,ok,1,22846.082,3,1,1199.971,7.453,0.004,215.553,0.006,215.553,ok
l4-065-my-manufacturer,2,ready,1,ok,1,42595.347,2,1,944.88,5.997,0.005,220.153,0.01,220.153,ok
l4-067-ph-automated-hiring,2,ready,1,ok,1,13768.18,3,1,959.561,3.13,0.002,244.877,0.01,244.877,ok
l4-069-ph-fintech,2,ready,1,ok,1,14383.12,4,1,949.808,5.782,0.003,197.536,0.009,197.536,ok
l4-070-ph-manufacturer,2,ready,1,ok,1,21667.055,9,1,1310.085,6.216,0.004,221.466,0.007,221.466,ok
l4-071-in-digital-platform,2,ready,1,ok,1,26249.953,2,1,994.412,7.652,0.004,224.734,0.005,224.734,ok
l4-072-in-automated-hiring,2,ready,1,ok,1,18529.791,6,1,997.956,6.271,0.004,239.965,0.009,239.965,ok
l4-075-in-manufacturer,2,ready,1,ok,1,21181.035,2,1,962.033,7.855,0.005,225.081,0.006,225.081,ok
l4-080-br-manufacturer,2,ready,1,ok,1,17997.913,4,1,882.719,7.748,0.006,218.673,0.01,218.673,ok
l4-081-es-digital-platform,2,ready,1,ok,1,19598.914,2,1,974.208,7.682,0.004,226.26,0.007,226.26,ok
l4-082-es-automated-hiring,2,ready,1,ok,1,12502.875,1,1,1150.05,8.387,0.003,226.139,0.008,226.139,ok
l4-083-es-online-sales,2,ready,1,ok,1,16470.019,3,1,1118.768,6.106,0.003,219.46,0.009,219.46,ok
l4-088-it-online-sales,2,ready,1,ok,1,8144.076,0,0,,,,,,,
l4-089-it-fintech,2,ready,1,ok,1,1868.775,0,0,,,,,,,
l4-090-it-manufacturer,2,ready,1,ok,1,2101.269,0,0,,,,,,,
l4-092-nl-automated-hiring,2,ready,1,ok,1,2253.485,0,0,,,,,,,
l4-093-nl-online-sales,2,ready,1,ok,1,2276.148,0,0,,,,,,,
l4-094-nl-fintech,2,ready,1,ok,1,1906.95,0,0,,,,,,,
l4-095-nl-manufacturer,2,ready,1,ok,1,2244.165,0,0,,,,,,,
l4-096-nz-digital-platform,2,ready,1,ok,1,48177.28,3,1,1278.962,5.954,0.004,228.459,0.009,228.459,ok
l4-097-nz-automated-hiring,2,ready,1,ok,1,19105.495,4,1,1158.689,6.194,0.004,236.632,0.011,236.632,ok
l4-099-nz-fintech,2,ready,1,ok,1,13615.978,2,1,1227.305,6.151,0.003,194.408,0.008,194.408,ok
l4-100-nz-manufacturer,2,ready,1,ok,1,22123.786,3,1,1337.252,5.864,0.005,228.764,0.007,228.764,ok
